State,Census_Year,Census_Source,Census_Dataset,Census_Table,Population_Universe,Geography_Type,Geography_ID,Geography_Name,Population_18Plus,Hispanic_Latino_18Plus,Not_Hispanic_18Plus,Not_Hispanic_White_18Plus,Not_Hispanic_Black_18Plus,Not_Hispanic_AIAN_18Plus,Not_Hispanic_Asian_18Plus,Not_Hispanic_NHPI_18Plus,Not_Hispanic_Other_Race_18Plus,Not_Hispanic_TwoPlus_Races_18Plus
Texas,2020,U.S. Census Bureau,2020 Decennial Census PL 94-171,P4,Population 18 years and over,County,48001,Anderson County,47381,8350,39031,27667,9809,157,317,10,71,1000
Texas,2020,U.S. Census Bureau,2020 Decennial Census PL 94-171,P4,Population 18 years and over,County,48003,Andrews County,12948,6731,6217,5636,160,71,72,0,24,254
Texas,2020,U.S. Census Bureau,2020 Decennial Census PL 94-171,P4,Population 18 years and over,County,48005,Angelina County,65058,12872,52186,40104,9429,156,709,30,124,1634
Texas,2020,U.S. Census Bureau,2020 Decennial Census PL 94-171,P4,Population 18 years and over,County,48007,Aransas County,19816,4397,15419,13935,187,119,388,15,72,703
Texas,2020,U.S. Census Bureau,2020 Decennial Census PL 94-171,P4,Population 18 years and over,County,48009,Archer County,6612,474,6138,5811,25,51,17,0,6,228
Texas,2020,U.S. Census Bureau,2020 Decennial Census PL 94-171,P4,Population 18 years and over,County,48011,Armstrong County,1427,85,1342,1258,6,17,9,0,2,50
Texas,2020,U.S. Census Bureau,2020 Decennial Census PL 94-171,P4,Population 18 years and over,County,48013,Atascosa County,35983,21784,14199,12906,262,108,139,12,121,651
Texas,2020,U.S. Census Bureau,2020 Decennial Census PL 94-171,P4,Population 18 years and over,County,48015,Austin County,23157,5357,17800,15123,1787,65,165,8,78,574
Texas,2020,U.S. Census Bureau,2020 Decennial Census PL 94-171,P4,Population 18 years and over,County,48017,Bailey County,4838,2946,1892,1782,32,11,8,0,15,44
Texas,2020,U.S. Census Bureau,2020 Decennial Census PL 94-171,P4,Population 18 years and over,County,48019,Bandera County,17349,2948,14401,13395,88,95,79,1,58,685
Texas,2020,U.S. Census Bureau,2020 Decennial Census PL 94-171,P4,Population 18 years and over,County,48021,Bastrop County,73027,27108,45919,38286,4347,263,595,49,288,2091
Texas,2020,U.S. Census Bureau,2020 Decennial Census PL 94-171,P4,Population 18 years and over,County,48023,Baylor County,2636,275,2361,2212,41,11,6,0,1,90
Texas,2020,U.S. Census Bureau,2020 Decennial Census PL 94-171,P4,Population 18 years and over,County,48025,Bee County,25022,14920,10102,7344,2177,47,187,1,45,301
Texas,2020,U.S. Census Bureau,2020 Decennial Census PL 94-171,P4,Population 18 years and over,County,48027,Bell County,272163,61176,210987,126124,58017,1137,9035,2441,1353,12880
Texas,2020,U.S. Census Bureau,2020 Decennial Census PL 94-171,P4,Population 18 years and over,County,48029,Bexar County,1512388,854043,658345,446153,113355,3701,51532,2051,5866,35687
Texas,2020,U.S. Census Bureau,2020 Decennial Census PL 94-171,P4,Population 18 years and over,County,48031,Blanco County,9421,1514,7907,7461,62,18,31,0,44,291
Texas,2020,U.S. Census Bureau,2020 Decennial Census PL 94-171,P4,Population 18 years and over,County,48033,Borden County,471,53,418,414,0,0,0,0,0,4
Texas,2020,U.S. Census Bureau,2020 Decennial Census PL 94-171,P4,Population 18 years and over,County,48035,Bosque County,14456,2148,12308,11392,204,55,53,3,29,572
Texas,2020,U.S. Census Bureau,2020 Decennial Census PL 94-171,P4,Population 18 years and over,County,48037,Bowie County,71537,5263,66274,44983,17125,447,850,46,185,2638
Texas,2020,U.S. Census Bureau,2020 Decennial Census PL 94-171,P4,Population 18 years and over,County,48039,Brazoria County,275900,77672,198228,129282,40028,813,19344,108,930,7723
Texas,2020,U.S. Census Bureau,2020 Decennial Census PL 94-171,P4,Population 18 years and over,County,48041,Brazos County,185935,45137,140798,103939,17402,393,12691,173,717,5483
Texas,2020,U.S. Census Bureau,2020 Decennial Census PL 94-171,P4,Population 18 years and over,County,48043,Brewster County,7846,2982,4864,4318,143,25,77,11,44,246
Texas,2020,U.S. Census Bureau,2020 Decennial Census PL 94-171,P4,Population 18 years and over,County,48045,Briscoe County,1113,259,854,811,13,4,0,0,0,26
Texas,2020,U.S. Census Bureau,2020 Decennial Census PL 94-171,P4,Population 18 years and over,County,48047,Brooks County,5329,4593,736,643,8,9,25,0,7,44
Texas,2020,U.S. Census Bureau,2020 Decennial Census PL 94-171,P4,Population 18 years and over,County,48049,Brown County,29878,5525,24353,21949,1035,120,208,27,72,942
Texas,2020,U.S. Census Bureau,2020 Decennial Census PL 94-171,P4,Population 18 years and over,County,48051,Burleson County,13911,2503,11408,9403,1420,50,58,0,32,445
Texas,2020,U.S. Census Bureau,2020 Decennial Census PL 94-171,P4,Population 18 years and over,County,48053,Burnet County,38983,7372,31611,29264,451,157,340,1,117,1281
Texas,2020,U.S. Census Bureau,2020 Decennial Census PL 94-171,P4,Population 18 years and over,County,48055,Caldwell County,34034,17100,16934,13943,1827,113,181,4,111,755
Texas,2020,U.S. Census Bureau,2020 Decennial Census PL 94-171,P4,Population 18 years and over,County,48057,Calhoun County,15502,6980,8522,7072,309,27,824,0,45,245
Texas,2020,U.S. Census Bureau,2020 Decennial Census PL 94-171,P4,Population 18 years and over,County,48059,Callahan County,10696,867,9829,9221,90,49,48,7,29,385
Texas,2020,U.S. Census Bureau,2020 Decennial Census PL 94-171,P4,Population 18 years and over,County,48061,Cameron County,301208,264000,37208,31674,1083,278,2166,59,502,1446
Texas,2020,U.S. Census Bureau,2020 Decennial Census PL 94-171,P4,Population 18 years and over,County,48063,Camp County,9345,1998,7347,5501,1420,27,84,8,21,286
Texas,2020,U.S. Census Bureau,2020 Decennial Census PL 94-171,P4,Population 18 years and over,County,48065,Carson County,4401,382,4019,3734,16,34,19,0,7,209
Texas,2020,U.S. Census Bureau,2020 Decennial Census PL 94-171,P4,Population 18 years and over,County,48067,Cass County,22227,844,21383,16930,3436,128,90,10,39,750
Texas,2020,U.S. Census Bureau,2020 Decennial Census PL 94-171,P4,Population 18 years and over,County,48069,Castro County,5277,3215,2062,1867,79,24,20,4,7,61
Texas,2020,U.S. Census Bureau,2020 Decennial Census PL 94-171,P4,Population 18 years and over,County,48071,Chambers County,33464,6781,26683,22476,2401,130,458,0,155,1063
Texas,2020,U.S. Census Bureau,2020 Decennial Census PL 94-171,P4,Population 18 years and over,County,48073,Cherokee County,37887,7472,30415,24051,4917,117,208,7,72,1043
Texas,2020,U.S. Census Bureau,2020 Decennial Census PL 94-171,P4,Population 18 years and over,County,48075,Childress County,5318,1461,3857,3116,523,20,40,0,8,150
Texas,2020,U.S. Census Bureau,2020 Decennial Census PL 94-171,P4,Population 18 years and over,County,48077,Clay County,8144,394,7750,7247,28,67,46,0,22,340
Texas,2020,U.S. Census Bureau,2020 Decennial Census PL 94-171,P4,Population 18 years and over,County,48079,Cochran County,1817,1019,798,709,57,2,0,0,0,30
Texas,2020,U.S. Census Bureau,2020 Decennial Census PL 94-171,P4,Population 18 years and over,County,48081,Coke County,2634,471,2163,2036,7,15,1,6,2,96
Texas,2020,U.S. Census Bureau,2020 Decennial Census PL 94-171,P4,Population 18 years and over,County,48083,Coleman County,6165,815,5350,4994,111,33,25,0,21,166
Texas,2020,U.S. Census Bureau,2020 Decennial Census PL 94-171,P4,Population 18 years and over,County,48085,Collin County,786838,112750,674088,425932,77643,2770,136123,485,3169,27966
Texas,2020,U.S. Census Bureau,2020 Decennial Census PL 94-171,P4,Population 18 years and over,County,48087,Collingsworth County,1988,520,1468,1309,88,18,7,1,0,45
Texas,2020,U.S. Census Bureau,2020 Decennial Census PL 94-171,P4,Population 18 years and over,County,48089,Colorado County,16093,4026,12067,9930,1729,12,67,0,30,299
Texas,2020,U.S. Census Bureau,2020 Decennial Census PL 94-171,P4,Population 18 years and over,County,48091,Comal County,126535,30300,96235,86680,2886,415,1498,108,522,4126
Texas,2020,U.S. Census Bureau,2020 Decennial Census PL 94-171,P4,Population 18 years and over,County,48093,Comanche County,10566,2506,8060,7677,25,38,33,1,19,267
Texas,2020,U.S. Census Bureau,2020 Decennial Census PL 94-171,P4,Population 18 years and over,County,48095,Concho County,2851,815,2036,1885,66,9,19,0,13,44
Texas,2020,U.S. Census Bureau,2020 Decennial Census PL 94-171,P4,Population 18 years and over,County,48097,Cooke County,31523,5132,26391,23797,863,244,247,10,83,1147
Texas,2020,U.S. Census Bureau,2020 Decennial Census PL 94-171,P4,Population 18 years and over,County,48099,Coryell County,62606,11259,51347,36642,9008,321,1551,664,225,2936
Texas,2020,U.S. Census Bureau,2020 Decennial Census PL 94-171,P4,Population 18 years and over,County,48101,Cottle County,1097,226,871,764,69,2,0,1,0,35
Texas,2020,U.S. Census Bureau,2020 Decennial Census PL 94-171,P4,Population 18 years and over,County,48103,Crane County,3351,2087,1264,1130,55,14,21,0,0,44
Texas,2020,U.S. Census Bureau,2020 Decennial Census PL 94-171,P4,Population 18 years and over,County,48105,Crockett County,2394,1416,978,902,14,6,7,0,6,43
Texas,2020,U.S. Census Bureau,2020 Decennial Census PL 94-171,P4,Population 18 years and over,County,48107,Crosby County,3812,1873,1939,1760,92,3,11,0,6,67
Texas,2020,U.S. Census Bureau,2020 Decennial Census PL 94-171,P4,Population 18 years and over,County,48109,Culberson County,1721,1252,469,396,20,9,18,0,2,24
Texas,2020,U.S. Census Bureau,2020 Decennial Census PL 94-171,P4,Population 18 years and over,County,48111,Dallam County,5022,2447,2575,2374,58,34,10,3,10,86
Texas,2020,U.S. Census Bureau,2020 Decennial Census PL 94-171,P4,Population 18 years and over,County,48113,Dallas County,1972578,722471,1250107,622696,426479,5406,141601,922,6952,46051
Texas,2020,U.S. Census Bureau,2020 Decennial Census PL 94-171,P4,Population 18 years and over,County,48115,Dawson County,9450,4733,4717,3754,790,16,46,4,15,92
Texas,2020,U.S. Census Bureau,2020 Decennial Census PL 94-171,P4,Population 18 years and over,County,48123,DeWitt County,15418,4826,10592,8969,1239,32,59,2,32,259
Texas,2020,U.S. Census Bureau,2020 Decennial Census PL 94-171,P4,Population 18 years and over,County,48117,Deaf Smith County,12949,9156,3793,3472,77,42,28,0,36,138
Texas,2020,U.S. Census Bureau,2020 Decennial Census PL 94-171,P4,Population 18 years and over,County,48119,Delta County,4081,252,3829,3361,238,32,26,5,12,155
Texas,2020,U.S. Census Bureau,2020 Decennial Census PL 94-171,P4,Population 18 years and over,County,48121,Denton County,678416,122901,555515,385461,70428,2752,68255,484,2691,25444
Texas,2020,U.S. Census Bureau,2020 Decennial Census PL 94-171,P4,Population 18 years and over,County,48125,Dickens County,1369,339,1030,969,15,0,1,0,6,39
Texas,2020,U.S. Census Bureau,2020 Decennial Census PL 94-171,P4,Population 18 years and over,County,48127,Dimmit County,6308,5387,921,746,59,6,58,6,7,39
Texas,2020,U.S. Census Bureau,2020 Decennial Census PL 94-171,P4,Population 18 years and over,County,48129,Donley County,2591,232,2359,2089,121,26,10,1,2,110
Texas,2020,U.S. Census Bureau,2020 Decennial Census PL 94-171,P4,Population 18 years and over,County,48131,Duval County,7512,5963,1549,819,145,12,41,0,7,525
Texas,2020,U.S. Census Bureau,2020 Decennial Census PL 94-171,P4,Population 18 years and over,County,48133,Eastland County,13986,1953,12033,11156,288,68,76,15,18,412
Texas,2020,U.S. Census Bureau,2020 Decennial Census PL 94-171,P4,Population 18 years and over,County,48135,Ector County,119460,68159,51301,40953,5520,467,1775,198,318,2070
Texas,2020,U.S. Census Bureau,2020 Decennial Census PL 94-171,P4,Population 18 years and over,County,48137,Edwards County,1140,528,612,570,2,5,6,1,2,26
Texas,2020,U.S. Census Bureau,2020 Decennial Census PL 94-171,P4,Population 18 years and over,County,48141,El Paso County,644962,524130,120832,81341,18993,1855,8930,1084,1557,7072
Texas,2020,U.S. Census Bureau,2020 Decennial Census PL 94-171,P4,Population 18 years and over,County,48139,Ellis County,140984,33562,107422,83519,17079,555,1172,142,547,4408
Texas,2020,U.S. Census Bureau,2020 Decennial Census PL 94-171,P4,Population 18 years and over,County,48143,Erath County,33837,6339,27498,24826,1086,170,256,13,82,1065
Texas,2020,U.S. Census Bureau,2020 Decennial Census PL 94-171,P4,Population 18 years and over,County,48145,Falls County,13446,2791,10655,7321,2909,49,47,8,29,292
Texas,2020,U.S. Census Bureau,2020 Decennial Census PL 94-171,P4,Population 18 years and over,County,48147,Fannin County,28127,2816,25311,21882,1894,241,125,20,71,1078
Texas,2020,U.S. Census Bureau,2020 Decennial Census PL 94-171,P4,Population 18 years and over,County,48149,Fayette County,19396,3423,15973,14404,1017,45,57,0,49,401
Texas,2020,U.S. Census Bureau,2020 Decennial Census PL 94-171,P4,Population 18 years and over,County,48151,Fisher County,2862,689,2173,2010,72,15,13,2,11,50
Texas,2020,U.S. Census Bureau,2020 Decennial Census PL 94-171,P4,Population 18 years and over,County,48153,Floyd County,3929,2023,1906,1736,92,3,6,1,4,64
Texas,2020,U.S. Census Bureau,2020 Decennial Census PL 94-171,P4,Population 18 years and over,County,48155,Foard County,899,136,763,727,11,0,0,1,0,24
Texas,2020,U.S. Census Bureau,2020 Decennial Census PL 94-171,P4,Population 18 years and over,County,48157,Fort Bend County,596993,135560,461433,187278,121625,893,134577,209,2565,14286
Texas,2020,U.S. Census Bureau,2020 Decennial Census PL 94-171,P4,Population 18 years and over,County,48159,Franklin County,8023,967,7056,6343,273,39,46,6,32,317
Texas,2020,U.S. Census Bureau,2020 Decennial Census PL 94-171,P4,Population 18 years and over,County,48161,Freestone County,15292,2086,13206,10431,2275,63,44,6,40,347
Texas,2020,U.S. Census Bureau,2020 Decennial Census PL 94-171,P4,Population 18 years and over,County,48163,Frio County,13825,10302,3523,2534,654,24,178,5,48,80
Texas,2020,U.S. Census Bureau,2020 Decennial Census PL 94-171,P4,Population 18 years and over,County,48165,Gaines County,14135,5544,8591,8136,173,30,50,3,23,176
Texas,2020,U.S. Census Bureau,2020 Decennial Census PL 94-171,P4,Population 18 years and over,County,48167,Galveston County,267382,60159,207223,155020,32289,868,9707,182,1023,8134
Texas,2020,U.S. Census Bureau,2020 Decennial Census PL 94-171,P4,Population 18 years and over,County,48169,Garza County,4789,2701,2088,1798,187,16,20,0,10,57
Texas,2020,U.S. Census Bureau,2020 Decennial Census PL 94-171,P4,Population 18 years and over,County,48171,Gillespie County,21921,3944,17977,17137,62,58,109,1,77,533
Texas,2020,U.S. Census Bureau,2020 Decennial Census PL 94-171,P4,Population 18 years and over,County,48173,Glasscock County,844,267,577,564,8,0,0,3,0,2
Texas,2020,U.S. Census Bureau,2020 Decennial Census PL 94-171,P4,Population 18 years and over,County,48175,Goliad County,5500,1633,3867,3505,186,14,24,0,8,130
Texas,2020,U.S. Census Bureau,2020 Decennial Census PL 94-171,P4,Population 18 years and over,County,48177,Gonzales County,14689,6585,8104,6868,852,37,50,6,31,260
Texas,2020,U.S. Census Bureau,2020 Decennial Census PL 94-171,P4,Population 18 years and over,County,48179,Gray County,16102,4097,12005,10552,719,109,105,0,28,492
Texas,2020,U.S. Census Bureau,2020 Decennial Census PL 94-171,P4,Population 18 years and over,County,48181,Grayson County,103923,12990,90933,77134,5650,1375,1477,48,240,5009
Texas,2020,U.S. Census Bureau,2020 Decennial Census PL 94-171,P4,Population 18 years and over,County,48183,Gregg County,94003,15040,78963,55477,18665,335,1269,39,184,2994
Texas,2020,U.S. Census Bureau,2020 Decennial Census PL 94-171,P4,Population 18 years and over,County,48185,Grimes County,23045,5011,18034,14091,3100,59,86,4,60,634
Texas,2020,U.S. Census Bureau,2020 Decennial Census PL 94-171,P4,Population 18 years and over,County,48187,Guadalupe County,128222,44169,84053,66985,9198,364,2508,252,501,4245
Texas,2020,U.S. Census Bureau,2020 Decennial Census PL 94-171,P4,Population 18 years and over,County,48189,Hale County,24143,13372,10771,8928,1138,86,123,24,54,418
Texas,2020,U.S. Census Bureau,2020 Decennial Census PL 94-171,P4,Population 18 years and over,County,48191,Hall County,2199,617,1582,1379,141,7,5,0,2,48
Texas,2020,U.S. Census Bureau,2020 Decennial Census PL 94-171,P4,Population 18 years and over,County,48193,Hamilton County,6491,678,5813,5506,22,33,33,2,15,202
Texas,2020,U.S. Census Bureau,2020 Decennial Census PL 94-171,P4,Population 18 years and over,County,48195,Hansford County,3776,1656,2120,2019,12,16,8,3,15,47
Texas,2020,U.S. Census Bureau,2020 Decennial Census PL 94-171,P4,Population 18 years and over,County,48197,Hardeman County,2740,516,2224,1998,107,13,16,0,7,83
Texas,2020,U.S. Census Bureau,2020 Decennial Census PL 94-171,P4,Population 18 years and over,County,48199,Hardin County,42632,2150,40482,36260,2284,151,312,29,98,1348
Texas,2020,U.S. Census Bureau,2020 Decennial Census PL 94-171,P4,Population 18 years and over,County,48201,Harris County,3519584,1405353,2114231,1075663,658135,6410,277152,2314,15685,78872
Texas,2020,U.S. Census Bureau,2020 Decennial Census PL 94-171,P4,Population 18 years and over,County,48203,Harrison County,51865,6012,45853,33128,10328,243,366,28,198,1562
Texas,2020,U.S. Census Bureau,2020 Decennial Census PL 94-171,P4,Population 18 years and over,County,48205,Hartley County,4222,1219,3003,2700,186,9,21,2,0,85
Texas,2020,U.S. Census Bureau,2020 Decennial Census PL 94-171,P4,Population 18 years and over,County,48207,Haskell County,4332,997,3335,3005,159,23,16,5,16,111
Texas,2020,U.S. Census Bureau,2020 Decennial Census PL 94-171,P4,Population 18 years and over,County,48209,Hays County,185523,65543,119980,98950,7414,492,4018,120,730,8256
Texas,2020,U.S. Census Bureau,2020 Decennial Census PL 94-171,P4,Population 18 years and over,County,48211,Hemphill County,2396,687,1709,1621,1,9,4,0,4,70
Texas,2020,U.S. Census Bureau,2020 Decennial Census PL 94-171,P4,Population 18 years and over,County,48213,Henderson County,64930,7234,57696,50809,3636,337,406,31,148,2329
Texas,2020,U.S. Census Bureau,2020 Decennial Census PL 94-171,P4,Population 18 years and over,County,48215,Hidalgo County,608225,549880,58345,45107,2682,483,6828,53,1090,2102
Texas,2020,U.S. Census Bureau,2020 Decennial Census PL 94-171,P4,Population 18 years and over,County,48217,Hill County,27486,4990,22496,19682,1528,126,139,15,68,938
Texas,2020,U.S. Census Bureau,2020 Decennial Census PL 94-171,P4,Population 18 years and over,County,48219,Hockley County,15937,7088,8849,7949,439,67,41,4,31,318
Texas,2020,U.S. Census Bureau,2020 Decennial Census PL 94-171,P4,Population 18 years and over,County,48221,Hood County,49209,5137,44072,41276,336,280,366,34,126,1654
Texas,2020,U.S. Census Bureau,2020 Decennial Census PL 94-171,P4,Population 18 years and over,County,48223,Hopkins County,27871,4077,23794,20634,1814,154,215,4,53,920
Texas,2020,U.S. Census Bureau,2020 Decennial Census PL 94-171,P4,Population 18 years and over,County,48225,Houston County,17886,2207,15679,10917,4158,68,92,8,29,407
Texas,2020,U.S. Census Bureau,2020 Decennial Census PL 94-171,P4,Population 18 years and over,County,48227,Howard County,26862,11985,14877,12658,1135,184,298,11,51,540
Texas,2020,U.S. Census Bureau,2020 Decennial Census PL 94-171,P4,Population 18 years and over,County,48229,Hudspeth County,2667,1576,1091,1031,4,6,10,0,4,36
Texas,2020,U.S. Census Bureau,2020 Decennial Census PL 94-171,P4,Population 18 years and over,County,48231,Hunt County,76143,12378,63765,52762,6116,602,811,99,210,3165
Texas,2020,U.S. Census Bureau,2020 Decennial Census PL 94-171,P4,Population 18 years and over,County,48233,Hutchinson County,15430,3153,12277,10917,328,234,81,2,33,682
Texas,2020,U.S. Census Bureau,2020 Decennial Census PL 94-171,P4,Population 18 years and over,County,48235,Irion County,1184,262,922,882,4,8,0,1,1,26
Texas,2020,U.S. Census Bureau,2020 Decennial Census PL 94-171,P4,Population 18 years and over,County,48237,Jack County,6649,1029,5620,5135,276,31,29,0,2,147
Texas,2020,U.S. Census Bureau,2020 Decennial Census PL 94-171,P4,Population 18 years and over,County,48239,Jackson County,11340,3282,8058,6899,682,36,108,0,68,265
Texas,2020,U.S. Census Bureau,2020 Decennial Census PL 94-171,P4,Population 18 years and over,County,48241,Jasper County,25539,1456,24083,19005,4131,101,97,16,49,684
Texas,2020,U.S. Census Bureau,2020 Decennial Census PL 94-171,P4,Population 18 years and over,County,48243,Jeff Davis County,1711,463,1248,1164,0,6,14,0,13,51
Texas,2020,U.S. Census Bureau,2020 Decennial Census PL 94-171,P4,Population 18 years and over,County,48245,Jefferson County,195680,39717,155963,80230,62762,528,7754,53,612,4024
Texas,2020,U.S. Census Bureau,2020 Decennial Census PL 94-171,P4,Population 18 years and over,County,48247,Jim Hogg County,3516,3077,439,335,4,11,19,0,8,62
Texas,2020,U.S. Census Bureau,2020 Decennial Census PL 94-171,P4,Population 18 years and over,County,48249,Jim Wells County,28630,22115,6515,5695,136,52,112,14,63,443
Texas,2020,U.S. Census Bureau,2020 Decennial Census PL 94-171,P4,Population 18 years and over,County,48251,Johnson County,133965,27491,106474,93594,4819,690,1378,532,428,5033
Texas,2020,U.S. Census Bureau,2020 Decennial Census PL 94-171,P4,Population 18 years and over,County,48253,Jones County,16187,4302,11885,9555,1880,51,86,0,20,293
Texas,2020,U.S. Census Bureau,2020 Decennial Census PL 94-171,P4,Population 18 years and over,County,48255,Karnes County,11855,5805,6050,4614,1063,26,130,1,54,162
Texas,2020,U.S. Census Bureau,2020 Decennial Census PL 94-171,P4,Population 18 years and over,County,48257,Kaufman County,103646,22171,81475,60951,14594,501,1593,57,266,3513
Texas,2020,U.S. Census Bureau,2020 Decennial Census PL 94-171,P4,Population 18 years and over,County,48259,Kendall County,34179,6743,27436,25680,224,107,278,27,151,969
Texas,2020,U.S. Census Bureau,2020 Decennial Census PL 94-171,P4,Population 18 years and over,County,48261,Kenedy County,267,202,65,60,0,0,0,0,2,3
Texas,2020,U.S. Census Bureau,2020 Decennial Census PL 94-171,P4,Population 18 years and over,County,48263,Kent County,608,63,545,532,2,3,0,0,3,5
Texas,2020,U.S. Census Bureau,2020 Decennial Census PL 94-171,P4,Population 18 years and over,County,48265,Kerr County,43270,9564,33706,31154,576,132,442,39,145,1218
Texas,2020,U.S. Census Bureau,2020 Decennial Census PL 94-171,P4,Population 18 years and over,County,48267,Kimble County,3557,704,2853,2713,8,14,33,3,8,74
Texas,2020,U.S. Census Bureau,2020 Decennial Census PL 94-171,P4,Population 18 years and over,County,48269,King County,189,20,169,165,0,0,0,4,0,0
Texas,2020,U.S. Census Bureau,2020 Decennial Census PL 94-171,P4,Population 18 years and over,County,48271,Kinney County,2574,1097,1477,1332,35,21,10,2,11,66
Texas,2020,U.S. Census Bureau,2020 Decennial Census PL 94-171,P4,Population 18 years and over,County,48273,Kleberg County,23791,16147,7644,5678,844,70,680,1,72,299
Texas,2020,U.S. Census Bureau,2020 Decennial Census PL 94-171,P4,Population 18 years and over,County,48275,Knox County,2526,709,1817,1594,116,8,8,0,5,86
Texas,2020,U.S. Census Bureau,2020 Decennial Census PL 94-171,P4,Population 18 years and over,County,48283,La Salle County,5268,3667,1601,1332,217,3,4,0,5,40
Texas,2020,U.S. Census Bureau,2020 Decennial Census PL 94-171,P4,Population 18 years and over,County,48277,Lamar County,38400,2679,35721,28388,4730,533,367,17,78,1608
Texas,2020,U.S. Census Bureau,2020 Decennial Census PL 94-171,P4,Population 18 years and over,County,48279,Lamb County,9511,4999,4512,4064,291,13,3,5,14,122
Texas,2020,U.S. Census Bureau,2020 Decennial Census PL 94-171,P4,Population 18 years and over,County,48281,Lampasas County,16856,2739,14117,12417,570,94,202,64,69,701
Texas,2020,U.S. Census Bureau,2020 Decennial Census PL 94-171,P4,Population 18 years and over,County,48285,Lavaca County,15681,2523,13158,11876,859,21,54,5,23,320
Texas,2020,U.S. Census Bureau,2020 Decennial Census PL 94-171,P4,Population 18 years and over,County,48287,Lee County,13173,2800,10373,8632,1254,40,45,1,25,376
Texas,2020,U.S. Census Bureau,2020 Decennial Census PL 94-171,P4,Population 18 years and over,County,48289,Leon County,12406,1556,10850,9573,767,47,75,6,27,355
Texas,2020,U.S. Census Bureau,2020 Decennial Census PL 94-171,P4,Population 18 years and over,County,48291,Liberty County,67304,19447,47857,39583,5660,242,366,12,199,1795
Texas,2020,U.S. Census Bureau,2020 Decennial Census PL 94-171,P4,Population 18 years and over,County,48293,Limestone County,17094,3166,13928,10439,2831,57,134,5,50,412
Texas,2020,U.S. Census Bureau,2020 Decennial Census PL 94-171,P4,Population 18 years and over,County,48295,Lipscomb County,2304,737,1567,1461,4,13,2,0,4,83
Texas,2020,U.S. Census Bureau,2020 Decennial Census PL 94-171,P4,Population 18 years and over,County,48297,Live Oak County,9296,3758,5538,5035,195,38,33,3,35,199
Texas,2020,U.S. Census Bureau,2020 Decennial Census PL 94-171,P4,Population 18 years and over,County,48299,Llano County,18113,1679,16434,15459,73,95,102,4,52,649
Texas,2020,U.S. Census Bureau,2020 Decennial Census PL 94-171,P4,Population 18 years and over,County,48301,Loving County,40,0,40,36,0,1,0,0,0,3
Texas,2020,U.S. Census Bureau,2020 Decennial Census PL 94-171,P4,Population 18 years and over,County,48303,Lubbock County,237542,74950,162592,126770,19682,1197,8024,137,702,6080
Texas,2020,U.S. Census Bureau,2020 Decennial Census PL 94-171,P4,Population 18 years and over,County,48305,Lynn County,4008,1610,2398,2201,80,14,10,3,12,78
Texas,2020,U.S. Census Bureau,2020 Decennial Census PL 94-171,P4,Population 18 years and over,County,48313,Madison County,10701,2541,8160,5706,2131,34,79,0,8,202
Texas,2020,U.S. Census Bureau,2020 Decennial Census PL 94-171,P4,Population 18 years and over,County,48315,Marion County,8016,249,7767,5864,1495,55,35,0,31,287
Texas,2020,U.S. Census Bureau,2020 Decennial Census PL 94-171,P4,Population 18 years and over,County,48317,Martin County,3696,1497,2199,2067,53,13,8,0,11,47
Texas,2020,U.S. Census Bureau,2020 Decennial Census PL 94-171,P4,Population 18 years and over,County,48319,Mason County,3202,632,2570,2482,4,0,1,0,8,75
Texas,2020,U.S. Census Bureau,2020 Decennial Census PL 94-171,P4,Population 18 years and over,County,48321,Matagorda County,27147,10368,16779,12736,2755,84,589,2,76,537
Texas,2020,U.S. Census Bureau,2020 Decennial Census PL 94-171,P4,Population 18 years and over,County,48323,Maverick County,40929,38788,2141,1235,113,514,150,4,54,71
Texas,2020,U.S. Census Bureau,2020 Decennial Census PL 94-171,P4,Population 18 years and over,County,48307,McCulloch County,5985,1643,4342,4078,73,5,31,0,6,149
Texas,2020,U.S. Census Bureau,2020 Decennial Census PL 94-171,P4,Population 18 years and over,County,48309,McLennan County,197391,45305,152086,114049,26323,738,4067,117,771,6021
Texas,2020,U.S. Census Bureau,2020 Decennial Census PL 94-171,P4,Population 18 years and over,County,48311,McMullen County,487,181,306,288,1,1,3,1,0,12
Texas,2020,U.S. Census Bureau,2020 Decennial Census PL 94-171,P4,Population 18 years and over,County,48325,Medina County,38971,18298,20673,18307,1124,130,186,38,140,748
Texas,2020,U.S. Census Bureau,2020 Decennial Census PL 94-171,P4,Population 18 years and over,County,48327,Menard County,1602,501,1101,1043,12,7,5,2,6,26
Texas,2020,U.S. Census Bureau,2020 Decennial Census PL 94-171,P4,Population 18 years and over,County,48329,Midland County,123134,49241,73893,59513,7741,523,2750,108,420,2838
Texas,2020,U.S. Census Bureau,2020 Decennial Census PL 94-171,P4,Population 18 years and over,County,48331,Milam County,19070,4036,15034,12699,1621,56,88,11,62,497
Texas,2020,U.S. Census Bureau,2020 Decennial Census PL 94-171,P4,Population 18 years and over,County,48333,Mills County,3569,506,3063,2895,8,10,4,0,6,140
Texas,2020,U.S. Census Bureau,2020 Decennial Census PL 94-171,P4,Population 18 years and over,County,48335,Mitchell County,7215,2618,4597,3563,848,34,44,1,8,99
Texas,2020,U.S. Census Bureau,2020 Decennial Census PL 94-171,P4,Population 18 years and over,County,48337,Montague County,15552,1483,14069,13134,33,127,73,4,31,667
Texas,2020,U.S. Census Bureau,2020 Decennial Census PL 94-171,P4,Population 18 years and over,County,48339,Montgomery County,458324,106583,351741,292180,24456,1450,16175,455,1675,15350
Texas,2020,U.S. Census Bureau,2020 Decennial Census PL 94-171,P4,Population 18 years and over,County,48341,Moore County,14944,8298,6646,5146,490,72,582,1,58,297
Texas,2020,U.S. Census Bureau,2020 Decennial Census PL 94-171,P4,Population 18 years and over,County,48343,Morris County,9300,697,8603,6302,1920,53,25,9,19,275
Texas,2020,U.S. Census Bureau,2020 Decennial Census PL 94-171,P4,Population 18 years and over,County,48345,Motley County,841,91,750,705,6,0,0,0,1,38
Texas,2020,U.S. Census Bureau,2020 Decennial Census PL 94-171,P4,Population 18 years and over,County,48347,Nacogdoches County,50003,8965,41038,30867,7814,155,588,7,125,1482
Texas,2020,U.S. Census Bureau,2020 Decennial Census PL 94-171,P4,Population 18 years and over,County,48349,Navarro County,39248,10180,29068,22074,4773,136,310,482,94,1199
Texas,2020,U.S. Census Bureau,2020 Decennial Census PL 94-171,P4,Population 18 years and over,County,48351,Newton County,9672,222,9450,7467,1601,49,24,0,16,293
Texas,2020,U.S. Census Bureau,2020 Decennial Census PL 94-171,P4,Population 18 years and over,County,48353,Nolan County,11028,3557,7471,6593,438,40,77,2,26,295
Texas,2020,U.S. Census Bureau,2020 Decennial Census PL 94-171,P4,Population 18 years and over,County,48355,Nueces County,270056,157772,112284,88880,10156,761,6148,222,946,5171
Texas,2020,U.S. Census Bureau,2020 Decennial Census PL 94-171,P4,Population 18 years and over,County,48357,Ochiltree County,6991,3490,3501,3284,11,25,21,0,14,146
Texas,2020,U.S. Census Bureau,2020 Decennial Census PL 94-171,P4,Population 18 years and over,County,48359,Oldham County,1229,186,1043,982,6,4,9,0,0,42
Texas,2020,U.S. Census Bureau,2020 Decennial Census PL 94-171,P4,Population 18 years and over,County,48361,Orange County,64476,4737,59739,50857,5699,286,847,7,119,1924
Texas,2020,U.S. Census Bureau,2020 Decennial Census PL 94-171,P4,Population 18 years and over,County,48363,Palo Pinto County,22038,3684,18354,16849,410,135,170,8,52,730
Texas,2020,U.S. Census Bureau,2020 Decennial Census PL 94-171,P4,Population 18 years and over,County,48365,Panola County,17176,1344,15832,12676,2519,69,82,5,14,467
Texas,2020,U.S. Census Bureau,2020 Decennial Census PL 94-171,P4,Population 18 years and over,County,48367,Parker County,111434,12475,98959,91458,1183,693,796,70,362,4397
Texas,2020,U.S. Census Bureau,2020 Decennial Census PL 94-171,P4,Population 18 years and over,County,48369,Parmer County,7029,4355,2674,2543,46,11,14,0,15,45
Texas,2020,U.S. Census Bureau,2020 Decennial Census PL 94-171,P4,Population 18 years and over,County,48371,Pecos County,11580,7839,3741,2976,486,27,107,0,22,123
Texas,2020,U.S. Census Bureau,2020 Decennial Census PL 94-171,P4,Population 18 years and over,County,48373,Polk County,40664,5248,35416,29099,4059,669,282,0,104,1203
Texas,2020,U.S. Census Bureau,2020 Decennial Census PL 94-171,P4,Population 18 years and over,County,48375,Potter County,88598,30459,58139,41765,8721,524,4141,20,417,2551
Texas,2020,U.S. Census Bureau,2020 Decennial Census PL 94-171,P4,Population 18 years and over,County,48377,Presidio County,4672,3688,984,856,14,16,60,0,9,29
Texas,2020,U.S. Census Bureau,2020 Decennial Census PL 94-171,P4,Population 18 years and over,County,48379,Rains County,9646,703,8943,8229,207,71,48,1,22,365
Texas,2020,U.S. Census Bureau,2020 Decennial Census PL 94-171,P4,Population 18 years and over,County,48381,Randall County,106753,20601,86152,76414,3257,633,1979,33,299,3537
Texas,2020,U.S. Census Bureau,2020 Decennial Census PL 94-171,P4,Population 18 years and over,County,48383,Reagan County,2402,1514,888,786,31,6,17,1,3,44
Texas,2020,U.S. Census Bureau,2020 Decennial Census PL 94-171,P4,Population 18 years and over,County,48385,Real County,2282,482,1800,1706,11,8,8,0,2,65
Texas,2020,U.S. Census Bureau,2020 Decennial Census PL 94-171,P4,Population 18 years and over,County,48387,Red River County,9279,473,8806,6988,1392,76,46,0,9,295
Texas,2020,U.S. Census Bureau,2020 Decennial Census PL 94-171,P4,Population 18 years and over,County,48389,Reeves County,11619,9739,1880,1438,191,20,134,3,31,63
Texas,2020,U.S. Census Bureau,2020 Decennial Census PL 94-171,P4,Population 18 years and over,County,48391,Refugio County,5244,2412,2832,2399,316,11,22,0,12,72
Texas,2020,U.S. Census Bureau,2020 Decennial Census PL 94-171,P4,Population 18 years and over,County,48393,Roberts County,626,29,597,556,2,2,0,0,0,37
Texas,2020,U.S. Census Bureau,2020 Decennial Census PL 94-171,P4,Population 18 years and over,County,48395,Robertson County,12722,2309,10413,7677,2289,20,79,11,22,315
Texas,2020,U.S. Census Bureau,2020 Decennial Census PL 94-171,P4,Population 18 years and over,County,48397,Rockwall County,78525,13181,65344,53648,5680,356,2515,51,240,2854
Texas,2020,U.S. Census Bureau,2020 Decennial Census PL 94-171,P4,Population 18 years and over,County,48399,Runnels County,7636,2283,5353,4970,112,28,22,6,15,200
Texas,2020,U.S. Census Bureau,2020 Decennial Census PL 94-171,P4,Population 18 years and over,County,48401,Rusk County,40718,6360,34358,26062,6696,160,183,13,117,1127
Texas,2020,U.S. Census Bureau,2020 Decennial Census PL 94-171,P4,Population 18 years and over,County,48403,Sabine County,8063,251,7812,6911,542,43,44,0,21,251
Texas,2020,U.S. Census Bureau,2020 Decennial Census PL 94-171,P4,Population 18 years and over,County,48405,San Augustine County,6286,394,5892,4396,1324,18,24,0,0,130
Texas,2020,U.S. Census Bureau,2020 Decennial Census PL 94-171,P4,Population 18 years and over,County,48407,San Jacinto County,21447,3087,18360,15714,1689,101,72,5,54,725
Texas,2020,U.S. Census Bureau,2020 Decennial Census PL 94-171,P4,Population 18 years and over,County,48409,San Patricio County,51377,26738,24639,21755,773,154,646,39,176,1096
Texas,2020,U.S. Census Bureau,2020 Decennial Census PL 94-171,P4,Population 18 years and over,County,48411,San Saba County,4606,1211,3395,3154,106,22,15,0,6,92
Texas,2020,U.S. Census Bureau,2020 Decennial Census PL 94-171,P4,Population 18 years and over,County,48413,Schleicher County,1867,873,994,932,15,4,7,0,9,27
Texas,2020,U.S. Census Bureau,2020 Decennial Census PL 94-171,P4,Population 18 years and over,County,48415,Scurry County,12649,4731,7918,7010,523,46,60,1,16,262
Texas,2020,U.S. Census Bureau,2020 Decennial Census PL 94-171,P4,Population 18 years and over,County,48417,Shackelford County,2362,228,2134,2051,7,4,11,0,2,59
Texas,2020,U.S. Census Bureau,2020 Decennial Census PL 94-171,P4,Population 18 years and over,County,48419,Shelby County,18071,2963,15108,11490,2848,47,248,11,30,434
Texas,2020,U.S. Census Bureau,2020 Decennial Census PL 94-171,P4,Population 18 years and over,County,48421,Sherman County,1974,841,1133,1060,5,5,2,0,3,58
Texas,2020,U.S. Census Bureau,2020 Decennial Census PL 94-171,P4,Population 18 years and over,County,48423,Smith County,177458,30191,147267,109026,28705,562,3159,55,487,5273
Texas,2020,U.S. Census Bureau,2020 Decennial Census PL 94-171,P4,Population 18 years and over,County,48425,Somervell County,6968,1066,5902,5543,22,41,34,0,20,242
Texas,2020,U.S. Census Bureau,2020 Decennial Census PL 94-171,P4,Population 18 years and over,County,48427,Starr County,46110,45030,1080,846,31,1,71,0,48,83
Texas,2020,U.S. Census Bureau,2020 Decennial Census PL 94-171,P4,Population 18 years and over,County,48429,Stephens County,7127,1459,5668,5164,213,27,43,1,23,197
Texas,2020,U.S. Census Bureau,2020 Decennial Census PL 94-171,P4,Population 18 years and over,County,48431,Sterling County,1015,309,706,674,3,2,1,2,1,23
Texas,2020,U.S. Census Bureau,2020 Decennial Census PL 94-171,P4,Population 18 years and over,County,48433,Stonewall County,1003,141,862,812,12,3,5,0,2,28
Texas,2020,U.S. Census Bureau,2020 Decennial Census PL 94-171,P4,Population 18 years and over,County,48435,Sutton County,2555,1495,1060,1015,4,5,6,0,4,26
Texas,2020,U.S. Census Bureau,2020 Decennial Census PL 94-171,P4,Population 18 years and over,County,48437,Swisher County,5269,2153,3116,2636,335,18,10,0,8,109
Texas,2020,U.S. Census Bureau,2020 Decennial Census PL 94-171,P4,Population 18 years and over,County,48439,Tarrant County,1574046,414177,1159869,738298,258883,5596,98800,2842,5725,49725
Texas,2020,U.S. Census Bureau,2020 Decennial Census PL 94-171,P4,Population 18 years and over,County,48441,Taylor County,108565,22891,85674,70531,7987,489,2272,129,322,3944
Texas,2020,U.S. Census Bureau,2020 Decennial Census PL 94-171,P4,Population 18 years and over,County,48443,Terrell County,616,278,338,311,8,0,0,0,2,17
Texas,2020,U.S. Census Bureau,2020 Decennial Census PL 94-171,P4,Population 18 years and over,County,48445,Terry County,8582,4454,4128,3598,347,23,33,0,14,113
Texas,2020,U.S. Census Bureau,2020 Decennial Census PL 94-171,P4,Population 18 years and over,County,48447,Throckmorton County,1128,92,1036,1003,0,3,3,0,0,27
Texas,2020,U.S. Census Bureau,2020 Decennial Census PL 94-171,P4,Population 18 years and over,County,48449,Titus County,22655,8621,14034,10954,2215,90,191,3,46,535
Texas,2020,U.S. Census Bureau,2020 Decennial Census PL 94-171,P4,Population 18 years and over,County,48451,Tom Green County,91755,32675,59080,51049,3188,311,1391,107,271,2763
Texas,2020,U.S. Census Bureau,2020 Decennial Census PL 94-171,P4,Population 18 years and over,County,48453,Travis County,1016490,301758,714732,516527,76054,2313,80565,646,4863,33764
Texas,2020,U.S. Census Bureau,2020 Decennial Census PL 94-171,P4,Population 18 years and over,County,48455,Trinity County,10982,830,10152,8816,857,29,28,1,26,395
Texas,2020,U.S. Census Bureau,2020 Decennial Census PL 94-171,P4,Population 18 years and over,County,48457,Tyler County,15975,1172,14803,12430,1714,82,82,3,34,458
Texas,2020,U.S. Census Bureau,2020 Decennial Census PL 94-171,P4,Population 18 years and over,County,48459,Upshur County,30854,2354,28500,24390,2297,213,142,6,89,1363
Texas,2020,U.S. Census Bureau,2020 Decennial Census PL 94-171,P4,Population 18 years and over,County,48461,Upton County,2438,1222,1216,1062,52,7,4,0,3,88
Texas,2020,U.S. Census Bureau,2020 Decennial Census PL 94-171,P4,Population 18 years and over,County,48463,Uvalde County,18480,12415,6065,5564,99,25,132,3,50,192
Texas,2020,U.S. Census Bureau,2020 Decennial Census PL 94-171,P4,Population 18 years and over,County,48465,Val Verde County,34971,27098,7873,6694,447,44,282,30,50,326
Texas,2020,U.S. Census Bureau,2020 Decennial Census PL 94-171,P4,Population 18 years and over,County,48467,Van Zandt County,45970,4482,41488,38231,1152,260,207,30,90,1518
Texas,2020,U.S. Census Bureau,2020 Decennial Census PL 94-171,P4,Population 18 years and over,County,48469,Victoria County,68803,29639,39164,32364,4044,156,1106,24,164,1306
Texas,2020,U.S. Census Bureau,2020 Decennial Census PL 94-171,P4,Population 18 years and over,County,48471,Walker County,64843,13445,51398,34638,13927,209,966,38,248,1372
Texas,2020,U.S. Census Bureau,2020 Decennial Census PL 94-171,P4,Population 18 years and over,County,48473,Waller County,43199,12106,31093,18720,10448,167,595,10,258,895
Texas,2020,U.S. Census Bureau,2020 Decennial Census PL 94-171,P4,Population 18 years and over,County,48475,Ward County,8486,4369,4117,3555,303,29,44,0,16,170
Texas,2020,U.S. Census Bureau,2020 Decennial Census PL 94-171,P4,Population 18 years and over,County,48477,Washington County,28261,4123,24138,18519,4343,63,431,14,102,666
Texas,2020,U.S. Census Bureau,2020 Decennial Census PL 94-171,P4,Population 18 years and over,County,48479,Webb County,186454,176805,9649,7194,660,98,1036,20,245,396
Texas,2020,U.S. Census Bureau,2020 Decennial Census PL 94-171,P4,Population 18 years and over,County,48481,Wharton County,31314,11444,19870,15012,4155,56,130,0,80,437
Texas,2020,U.S. Census Bureau,2020 Decennial Census PL 94-171,P4,Population 18 years and over,County,48483,Wheeler County,3773,738,3035,2834,53,28,24,2,3,91
Texas,2020,U.S. Census Bureau,2020 Decennial Census PL 94-171,P4,Population 18 years and over,County,48485,Wichita County,100692,17506,83186,65394,10353,797,2145,110,360,4027
Texas,2020,U.S. Census Bureau,2020 Decennial Census PL 94-171,P4,Population 18 years and over,County,48487,Wilbarger County,9921,2473,7448,5893,844,75,380,0,19,237
Texas,2020,U.S. Census Bureau,2020 Decennial Census PL 94-171,P4,Population 18 years and over,County,48489,Willacy County,15484,13196,2288,1574,429,47,155,2,26,55
Texas,2020,U.S. Census Bureau,2020 Decennial Census PL 94-171,P4,Population 18 years and over,County,48491,Williamson County,453045,98419,354626,267332,28567,1279,38355,449,2078,16566
Texas,2020,U.S. Census Bureau,2020 Decennial Census PL 94-171,P4,Population 18 years and over,County,48493,Wilson County,37771,13543,24228,22203,599,112,182,17,132,983
Texas,2020,U.S. Census Bureau,2020 Decennial Census PL 94-171,P4,Population 18 years and over,County,48495,Winkler County,5602,3192,2410,2151,114,21,58,0,9,57
Texas,2020,U.S. Census Bureau,2020 Decennial Census PL 94-171,P4,Population 18 years and over,County,48497,Wise County,51836,8787,43049,39787,524,360,299,9,126,1944
Texas,2020,U.S. Census Bureau,2020 Decennial Census PL 94-171,P4,Population 18 years and over,County,48499,Wood County,36551,3278,33273,30105,1407,184,189,1,93,1294
Texas,2020,U.S. Census Bureau,2020 Decennial Census PL 94-171,P4,Population 18 years and over,County,48501,Yoakum County,5473,3330,2143,1977,40,19,27,0,10,70
Texas,2020,U.S. Census Bureau,2020 Decennial Census PL 94-171,P4,Population 18 years and over,County,48503,Young County,13648,2193,11455,10760,134,66,65,0,24,406
Texas,2020,U.S. Census Bureau,2020 Decennial Census PL 94-171,P4,Population 18 years and over,County,48505,Zapata County,9592,8837,755,691,9,7,10,0,14,24
Texas,2020,U.S. Census Bureau,2020 Decennial Census PL 94-171,P4,Population 18 years and over,County,48507,Zavala County,6919,6380,539,442,45,13,19,1,3,16
Texas,2020,U.S. Census Bureau,2020 Decennial Census PL 94-171,P4,Population 18 years and over,Place,4800100,Abbott city,262,29,233,208,9,0,1,0,0,15
Texas,2020,U.S. Census Bureau,2020 Decennial Census PL 94-171,P4,Population 18 years and over,Place,4800160,Abernathy city,2062,955,1107,1023,45,3,1,0,3,32
Texas,2020,U.S. Census Bureau,2020 Decennial Census PL 94-171,P4,Population 18 years and over,Place,4801000,Abilene city,96412,22947,73465,57897,9315,399,2181,108,266,3299
Texas,2020,U.S. Census Bureau,2020 Decennial Census PL 94-171,P4,Population 18 years and over,Place,4801060,Abram CDP,807,785,22,17,0,0,0,0,4,1
Texas,2020,U.S. Census Bureau,2020 Decennial Census PL 94-171,P4,Population 18 years and over,Place,4801084,Acala CDP,10,10,0,0,0,0,0,0,0,0
Texas,2020,U.S. Census Bureau,2020 Decennial Census PL 94-171,P4,Population 18 years and over,Place,4801108,Ackerly city,172,88,84,78,0,0,0,2,0,4
Texas,2020,U.S. Census Bureau,2020 Decennial Census PL 94-171,P4,Population 18 years and over,Place,4801240,Addison town,14648,3023,11625,7544,2189,50,1198,5,87,552
Texas,2020,U.S. Census Bureau,2020 Decennial Census PL 94-171,P4,Population 18 years and over,Place,4801324,Adrian city,100,8,92,91,0,0,0,0,0,1
Texas,2020,U.S. Census Bureau,2020 Decennial Census PL 94-171,P4,Population 18 years and over,Place,4801390,Agua Dulce CDP,2190,2143,47,32,5,0,4,0,2,4
Texas,2020,U.S. Census Bureau,2020 Decennial Census PL 94-171,P4,Population 18 years and over,Place,4801396,Agua Dulce city,515,406,109,106,0,0,0,0,0,3
Texas,2020,U.S. Census Bureau,2020 Decennial Census PL 94-171,P4,Population 18 years and over,Place,4801420,Aguilares CDP,3,2,1,1,0,0,0,0,0,0
Texas,2020,U.S. Census Bureau,2020 Decennial Census PL 94-171,P4,Population 18 years and over,Place,4801500,Airport Heights CDP,107,99,8,8,0,0,0,0,0,0
Texas,2020,U.S. Census Bureau,2020 Decennial Census PL 94-171,P4,Population 18 years and over,Place,4801514,Airport Road Addition CDP,78,74,4,1,0,1,0,0,0,2
Texas,2020,U.S. Census Bureau,2020 Decennial Census PL 94-171,P4,Population 18 years and over,Place,4801594,Alamo Beach CDP,215,30,185,167,1,1,0,0,5,11
Texas,2020,U.S. Census Bureau,2020 Decennial Census PL 94-171,P4,Population 18 years and over,Place,4801600,Alamo Heights city,5765,1041,4724,4352,57,3,124,0,32,156
Texas,2020,U.S. Census Bureau,2020 Decennial Census PL 94-171,P4,Population 18 years and over,Place,4801576,Alamo city,13888,11596,2292,2166,19,11,23,2,25,46
Texas,2020,U.S. Census Bureau,2020 Decennial Census PL 94-171,P4,Population 18 years and over,Place,4801612,Alanreed CDP,23,0,23,23,0,0,0,0,0,0
Texas,2020,U.S. Census Bureau,2020 Decennial Census PL 94-171,P4,Population 18 years and over,Place,4801636,Alba town,365,19,346,329,0,0,1,0,0,16
Texas,2020,U.S. Census Bureau,2020 Decennial Census PL 94-171,P4,Population 18 years and over,Place,4801648,Albany city,1395,158,1237,1188,6,2,7,0,2,32
Texas,2020,U.S. Census Bureau,2020 Decennial Census PL 94-171,P4,Population 18 years and over,Place,4801696,Aldine CDP,11011,9353,1658,1089,261,15,196,2,15,80
Texas,2020,U.S. Census Bureau,2020 Decennial Census PL 94-171,P4,Population 18 years and over,Place,4801744,Aledo city,3188,325,2863,2664,21,16,42,5,7,108
Texas,2020,U.S. Census Bureau,2020 Decennial Census PL 94-171,P4,Population 18 years and over,Place,4801816,Alfred CDP,66,43,23,20,1,0,0,0,0,2
Texas,2020,U.S. Census Bureau,2020 Decennial Census PL 94-171,P4,Population 18 years and over,Place,4801858,Alice Acres CDP,345,293,52,31,4,0,1,0,0,16
Texas,2020,U.S. Census Bureau,2020 Decennial Census PL 94-171,P4,Population 18 years and over,Place,4801852,Alice city,13123,11020,2103,1784,77,10,94,6,29,103
Texas,2020,U.S. Census Bureau,2020 Decennial Census PL 94-171,P4,Population 18 years and over,Place,4801924,Allen city,76117,8702,67415,41296,7017,259,15717,49,275,2802
Texas,2020,U.S. Census Bureau,2020 Decennial Census PL 94-171,P4,Population 18 years and over,Place,4802032,Allison CDP,92,0,92,90,0,2,0,0,0,0
Texas,2020,U.S. Census Bureau,2020 Decennial Census PL 94-171,P4,Population 18 years and over,Place,4802044,Alma town,278,85,193,177,10,0,1,0,0,5
Texas,2020,U.S. Census Bureau,2020 Decennial Census PL 94-171,P4,Population 18 years and over,Place,4802104,Alpine city,4921,2266,2655,2281,128,10,66,8,24,138
Texas,2020,U.S. Census Bureau,2020 Decennial Census PL 94-171,P4,Population 18 years and over,Place,4802194,Alto Bonito Heights CDP,221,221,0,0,0,0,0,0,0,0
Texas,2020,U.S. Census Bureau,2020 Decennial Census PL 94-171,P4,Population 18 years and over,Place,4802188,Alto town,749,185,564,329,212,2,1,0,0,20
Texas,2020,U.S. Census Bureau,2020 Decennial Census PL 94-171,P4,Population 18 years and over,Place,4802212,Alton city,12119,11740,379,306,29,5,21,0,9,9
Texas,2020,U.S. Census Bureau,2020 Decennial Census PL 94-171,P4,Population 18 years and over,Place,4802260,Alvarado city,3369,806,2563,2151,199,22,26,0,6,159
Texas,2020,U.S. Census Bureau,2020 Decennial Census PL 94-171,P4,Population 18 years and over,Place,4802272,Alvin city,20159,6798,13361,11615,785,67,260,4,63,567
Texas,2020,U.S. Census Bureau,2020 Decennial Census PL 94-171,P4,Population 18 years and over,Place,4802284,Alvord town,988,88,900,830,9,15,4,0,0,42
Texas,2020,U.S. Census Bureau,2020 Decennial Census PL 94-171,P4,Population 18 years and over,Place,4802286,Amada Acres CDP,59,58,1,1,0,0,0,0,0,0
Texas,2020,U.S. Census Bureau,2020 Decennial Census PL 94-171,P4,Population 18 years and over,Place,4802290,Amargosa CDP,205,194,11,10,1,0,0,0,0,0
Texas,2020,U.S. Census Bureau,2020 Decennial Census PL 94-171,P4,Population 18 years and over,Place,4803000,Amarillo city,148918,42645,106273,84976,9377,859,5776,37,587,4661
Texas,2020,U.S. Census Bureau,2020 Decennial Census PL 94-171,P4,Population 18 years and over,Place,4803008,Amaya CDP,61,59,2,2,0,0,0,0,0,0
Texas,2020,U.S. Census Bureau,2020 Decennial Census PL 94-171,P4,Population 18 years and over,Place,4803072,Ames city,738,60,678,59,574,0,8,0,17,20
Texas,2020,U.S. Census Bureau,2020 Decennial Census PL 94-171,P4,Population 18 years and over,Place,4803084,Amherst city,522,312,210,174,30,0,0,0,1,5
Texas,2020,U.S. Census Bureau,2020 Decennial Census PL 94-171,P4,Population 18 years and over,Place,4803096,Amistad CDP,20,3,17,16,0,0,0,0,0,1
Texas,2020,U.S. Census Bureau,2020 Decennial Census PL 94-171,P4,Population 18 years and over,Place,4803126,Anacua CDP,17,16,1,0,0,0,0,0,1,0
Texas,2020,U.S. Census Bureau,2020 Decennial Census PL 94-171,P4,Population 18 years and over,Place,4803144,Anahuac city,1485,304,1181,860,251,9,11,0,12,38
Texas,2020,U.S. Census Bureau,2020 Decennial Census PL 94-171,P4,Population 18 years and over,Place,4803192,Anderson city,138,6,132,85,46,0,0,0,0,1
Texas,2020,U.S. Census Bureau,2020 Decennial Census PL 94-171,P4,Population 18 years and over,Place,4803216,Andrews city,9425,5016,4409,3955,139,55,65,0,17,178
Texas,2020,U.S. Census Bureau,2020 Decennial Census PL 94-171,P4,Population 18 years and over,Place,4803264,Angleton city,14355,4677,9678,7354,1643,47,173,4,41,416
Texas,2020,U.S. Census Bureau,2020 Decennial Census PL 94-171,P4,Population 18 years and over,Place,4803288,Angus city,333,62,271,233,11,2,1,2,0,22
Texas,2020,U.S. Census Bureau,2020 Decennial Census PL 94-171,P4,Population 18 years and over,Place,4803300,Anna city,11508,2328,9180,6853,1431,54,274,10,63,495
Texas,2020,U.S. Census Bureau,2020 Decennial Census PL 94-171,P4,Population 18 years and over,Place,4803340,Annetta North town,405,14,391,374,7,0,0,0,0,10
Texas,2020,U.S. Census Bureau,2020 Decennial Census PL 94-171,P4,Population 18 years and over,Place,4803342,Annetta South town,473,30,443,420,4,5,2,0,1,11
Texas,2020,U.S. Census Bureau,2020 Decennial Census PL 94-171,P4,Population 18 years and over,Place,4803336,Annetta town,2123,132,1991,1864,11,11,17,0,8,80
Texas,2020,U.S. Census Bureau,2020 Decennial Census PL 94-171,P4,Population 18 years and over,Place,4803360,Annona town,155,33,122,58,60,0,0,0,0,4
Texas,2020,U.S. Census Bureau,2020 Decennial Census PL 94-171,P4,Population 18 years and over,Place,4803372,Anson city,1674,558,1116,1007,33,11,9,0,4,52
Texas,2020,U.S. Census Bureau,2020 Decennial Census PL 94-171,P4,Population 18 years and over,Place,4803432,Anthony town,2539,2293,246,194,17,8,6,0,6,15
Texas,2020,U.S. Census Bureau,2020 Decennial Census PL 94-171,P4,Population 18 years and over,Place,4803540,Anton city,669,325,344,300,19,4,0,0,0,21
Texas,2020,U.S. Census Bureau,2020 Decennial Census PL 94-171,P4,Population 18 years and over,Place,4803564,Appleby city,437,52,385,343,14,0,0,0,1,27
Texas,2020,U.S. Census Bureau,2020 Decennial Census PL 94-171,P4,Population 18 years and over,Place,4803588,Aquilla city,73,4,69,66,0,0,3,0,0,0
Texas,2020,U.S. Census Bureau,2020 Decennial Census PL 94-171,P4,Population 18 years and over,Place,4803600,Aransas Pass city,6280,2241,4039,3605,167,25,57,2,16,167
Texas,2020,U.S. Census Bureau,2020 Decennial Census PL 94-171,P4,Population 18 years and over,Place,4803696,Archer City city,1226,73,1153,1070,14,13,2,0,3,51
Texas,2020,U.S. Census Bureau,2020 Decennial Census PL 94-171,P4,Population 18 years and over,Place,4803708,Arcola city,1415,898,517,117,345,1,25,1,2,26
Texas,2020,U.S. Census Bureau,2020 Decennial Census PL 94-171,P4,Population 18 years and over,Place,4803768,Argyle city,3185,213,2972,2768,20,18,30,0,5,131
Texas,2020,U.S. Census Bureau,2020 Decennial Census PL 94-171,P4,Population 18 years and over,Place,4804000,Arlington city,297050,81015,216035,116030,63905,981,24594,313,1121,9091
Texas,2020,U.S. Census Bureau,2020 Decennial Census PL 94-171,P4,Population 18 years and over,Place,4804156,Arp city,662,53,609,563,26,3,1,4,0,12
Texas,2020,U.S. Census Bureau,2020 Decennial Census PL 94-171,P4,Population 18 years and over,Place,4804174,Arroyo Colorado Estates CDP,581,562,19,16,0,1,0,0,1,1
Texas,2020,U.S. Census Bureau,2020 Decennial Census PL 94-171,P4,Population 18 years and over,Place,4804176,Arroyo Gardens CDP,312,276,36,34,1,0,0,0,0,1
Texas,2020,U.S. Census Bureau,2020 Decennial Census PL 94-171,P4,Population 18 years and over,Place,4804300,Asherton city,578,555,23,18,0,0,0,2,0,3
Texas,2020,U.S. Census Bureau,2020 Decennial Census PL 94-171,P4,Population 18 years and over,Place,4804408,Aspermont town,612,124,488,451,11,3,5,0,2,16
Texas,2020,U.S. Census Bureau,2020 Decennial Census PL 94-171,P4,Population 18 years and over,Place,4804462,Atascocita CDP,63230,17688,45542,26483,14297,155,2247,140,277,1943
Texas,2020,U.S. Census Bureau,2020 Decennial Census PL 94-171,P4,Population 18 years and over,Place,4804504,Athens city,9854,2461,7393,5365,1573,20,122,10,27,276
Texas,2020,U.S. Census Bureau,2020 Decennial Census PL 94-171,P4,Population 18 years and over,Place,4804516,Atlanta city,4054,175,3879,2596,1147,16,17,3,8,92
Texas,2020,U.S. Census Bureau,2020 Decennial Census PL 94-171,P4,Population 18 years and over,Place,4804600,Aubrey city,3654,591,3063,2507,310,19,56,3,10,158
Texas,2020,U.S. Census Bureau,2020 Decennial Census PL 94-171,P4,Population 18 years and over,Place,4804672,Aurora city,1015,198,817,738,8,12,7,0,0,52
Texas,2020,U.S. Census Bureau,2020 Decennial Census PL 94-171,P4,Population 18 years and over,Place,4805000,Austin city,775434,229709,545725,390847,53645,1698,69435,436,3747,25917
Texas,2020,U.S. Census Bureau,2020 Decennial Census PL 94-171,P4,Population 18 years and over,Place,4805036,Austwell city,103,40,63,60,2,0,0,0,0,1
Texas,2020,U.S. Census Bureau,2020 Decennial Census PL 94-171,P4,Population 18 years and over,Place,4805072,Avery town,340,19,321,302,2,0,2,0,0,15
Texas,2020,U.S. Census Bureau,2020 Decennial Census PL 94-171,P4,Population 18 years and over,Place,4805084,Avinger town,305,19,286,235,43,1,2,0,0,5
Texas,2020,U.S. Census Bureau,2020 Decennial Census PL 94-171,P4,Population 18 years and over,Place,4805168,Azle city,10159,1030,9129,8377,149,60,88,3,18,434
Texas,2020,U.S. Census Bureau,2020 Decennial Census PL 94-171,P4,Population 18 years and over,Place,4805520,B and E CDP,316,307,9,8,0,0,0,0,1,0
Texas,2020,U.S. Census Bureau,2020 Decennial Census PL 94-171,P4,Population 18 years and over,Place,4805180,Bacliff CDP,7117,2545,4572,3771,335,34,199,0,16,217
Texas,2020,U.S. Census Bureau,2020 Decennial Census PL 94-171,P4,Population 18 years and over,Place,4805264,Bailey city,162,10,152,133,0,2,1,0,0,16
Texas,2020,U.S. Census Bureau,2020 Decennial Census PL 94-171,P4,Population 18 years and over,Place,4805288,Bailey's Prairie village,615,97,518,410,77,6,1,0,0,24
Texas,2020,U.S. Census Bureau,2020 Decennial Census PL 94-171,P4,Population 18 years and over,Place,4805336,Baird city,1170,147,1023,945,0,4,10,0,1,63
Texas,2020,U.S. Census Bureau,2020 Decennial Census PL 94-171,P4,Population 18 years and over,Place,4805372,Balch Springs city,19014,10562,8452,3549,4303,45,230,6,31,288
Texas,2020,U.S. Census Bureau,2020 Decennial Census PL 94-171,P4,Population 18 years and over,Place,4805384,Balcones Heights city,2133,1389,744,392,254,12,36,1,11,38
Texas,2020,U.S. Census Bureau,2020 Decennial Census PL 94-171,P4,Population 18 years and over,Place,4805456,Ballinger city,2766,960,1806,1632,63,11,14,5,13,68
Texas,2020,U.S. Census Bureau,2020 Decennial Census PL 94-171,P4,Population 18 years and over,Place,4805468,Balmorhea city,305,255,50,44,0,0,2,1,0,3
Texas,2020,U.S. Census Bureau,2020 Decennial Census PL 94-171,P4,Population 18 years and over,Place,4805528,Bandera city,693,143,550,524,1,2,3,0,0,20
Texas,2020,U.S. Census Bureau,2020 Decennial Census PL 94-171,P4,Population 18 years and over,Place,4805552,Bangs city,1153,181,972,870,40,8,4,0,0,50
Texas,2020,U.S. Census Bureau,2020 Decennial Census PL 94-171,P4,Population 18 years and over,Place,4805576,Banquete CDP,568,515,53,44,4,0,0,0,0,5
Texas,2020,U.S. Census Bureau,2020 Decennial Census PL 94-171,P4,Population 18 years and over,Place,4805612,Bardwell city,437,226,211,147,56,1,0,0,0,7
Texas,2020,U.S. Census Bureau,2020 Decennial Census PL 94-171,P4,Population 18 years and over,Place,4805648,Barksdale CDP,73,5,68,65,0,0,0,0,0,3
Texas,2020,U.S. Census Bureau,2020 Decennial Census PL 94-171,P4,Population 18 years and over,Place,4805690,Barrera CDP,92,88,4,3,0,0,0,0,1,0
Texas,2020,U.S. Census Bureau,2020 Decennial Census PL 94-171,P4,Population 18 years and over,Place,4805696,Barrett CDP,3651,1312,2339,412,1823,8,19,0,16,61
Texas,2020,U.S. Census Bureau,2020 Decennial Census PL 94-171,P4,Population 18 years and over,Place,4805708,Barry city,165,53,112,105,2,0,0,1,0,4
Texas,2020,U.S. Census Bureau,2020 Decennial Census PL 94-171,P4,Population 18 years and over,Place,4805720,Barstow city,198,164,34,27,0,1,0,0,1,5
Texas,2020,U.S. Census Bureau,2020 Decennial Census PL 94-171,P4,Population 18 years and over,Place,4805732,Bartlett city,1246,584,662,482,134,3,9,0,0,34
Texas,2020,U.S. Census Bureau,2020 Decennial Census PL 94-171,P4,Population 18 years and over,Place,4805750,Barton Creek CDP,2813,217,2596,2364,31,5,118,0,7,71
Texas,2020,U.S. Census Bureau,2020 Decennial Census PL 94-171,P4,Population 18 years and over,Place,4805768,Bartonville town,1338,151,1187,1125,3,9,22,0,0,28
Texas,2020,U.S. Census Bureau,2020 Decennial Census PL 94-171,P4,Population 18 years and over,Place,4805864,Bastrop city,7495,1625,5870,4617,760,29,187,13,31,233
Texas,2020,U.S. Census Bureau,2020 Decennial Census PL 94-171,P4,Population 18 years and over,Place,4805924,Batesville CDP,599,543,56,50,0,0,4,0,0,2
Texas,2020,U.S. Census Bureau,2020 Decennial Census PL 94-171,P4,Population 18 years and over,Place,4805984,Bay City city,13126,5840,7286,4836,1995,47,158,1,30,219
Texas,2020,U.S. Census Bureau,2020 Decennial Census PL 94-171,P4,Population 18 years and over,Place,4806060,Bayou Vista city,1618,126,1492,1387,10,6,28,0,10,51
Texas,2020,U.S. Census Bureau,2020 Decennial Census PL 94-171,P4,Population 18 years and over,Place,4806104,Bayside town,226,72,154,144,1,3,0,0,1,5
Texas,2020,U.S. Census Bureau,2020 Decennial Census PL 94-171,P4,Population 18 years and over,Place,4806128,Baytown city,61186,27869,33317,20161,9834,184,1205,34,419,1480
Texas,2020,U.S. Census Bureau,2020 Decennial Census PL 94-171,P4,Population 18 years and over,Place,4806140,Bayview town,357,140,217,196,1,0,8,0,3,9
Texas,2020,U.S. Census Bureau,2020 Decennial Census PL 94-171,P4,Population 18 years and over,Place,4806200,Beach City city,2476,287,2189,2039,29,9,23,0,12,77
Texas,2020,U.S. Census Bureau,2020 Decennial Census PL 94-171,P4,Population 18 years and over,Place,4806244,Bear Creek Ranch CDP,1233,141,1092,38,1018,2,10,0,0,24
Texas,2020,U.S. Census Bureau,2020 Decennial Census PL 94-171,P4,Population 18 years and over,Place,4806242,Bear Creek village,312,17,295,279,0,0,7,0,0,9
Texas,2020,U.S. Census Bureau,2020 Decennial Census PL 94-171,P4,Population 18 years and over,Place,4806272,Beasley city,435,229,206,166,29,2,1,0,0,8
Texas,2020,U.S. Census Bureau,2020 Decennial Census PL 94-171,P4,Population 18 years and over,Place,4807000,Beaumont city,87148,13602,73546,28032,39560,174,3430,24,348,1978
Texas,2020,U.S. Census Bureau,2020 Decennial Census PL 94-171,P4,Population 18 years and over,Place,4807036,Beauxart Gardens CDP,854,92,762,710,5,0,13,0,4,30
Texas,2020,U.S. Census Bureau,2020 Decennial Census PL 94-171,P4,Population 18 years and over,Place,4807042,Beaver Creek CDP,669,182,487,420,17,6,4,0,0,40
Texas,2020,U.S. Census Bureau,2020 Decennial Census PL 94-171,P4,Population 18 years and over,Place,4807108,Beckville city,494,48,446,313,126,0,0,0,0,7
Texas,2020,U.S. Census Bureau,2020 Decennial Census PL 94-171,P4,Population 18 years and over,Place,4807132,Bedford city,40054,5917,34137,25839,4081,151,2121,274,143,1528
Texas,2020,U.S. Census Bureau,2020 Decennial Census PL 94-171,P4,Population 18 years and over,Place,4807144,Bedias city,284,36,248,178,44,2,0,0,2,22
Texas,2020,U.S. Census Bureau,2020 Decennial Census PL 94-171,P4,Population 18 years and over,Place,4807156,Bee Cave city,6889,831,6058,4727,195,1,828,1,45,261
Texas,2020,U.S. Census Bureau,2020 Decennial Census PL 94-171,P4,Population 18 years and over,Place,4807192,Beeville city,9893,6959,2934,2323,315,14,117,1,22,142
Texas,2020,U.S. Census Bureau,2020 Decennial Census PL 94-171,P4,Population 18 years and over,Place,4807300,Bellaire city,12484,1218,11266,7786,202,23,2865,9,49,332
Texas,2020,U.S. Census Bureau,2020 Decennial Census PL 94-171,P4,Population 18 years and over,Place,4807396,Bellevue city,229,2,227,212,2,3,1,0,0,9
Texas,2020,U.S. Census Bureau,2020 Decennial Census PL 94-171,P4,Population 18 years and over,Place,4807408,Bellmead city,7496,2827,4669,2992,1400,27,40,2,15,193
Texas,2020,U.S. Census Bureau,2020 Decennial Census PL 94-171,P4,Population 18 years and over,Place,4807420,Bells town,1078,60,1018,918,13,15,3,5,1,63
Texas,2020,U.S. Census Bureau,2020 Decennial Census PL 94-171,P4,Population 18 years and over,Place,4807432,Bellville city,3199,564,2635,2170,351,16,39,0,3,56
Texas,2020,U.S. Census Bureau,2020 Decennial Census PL 94-171,P4,Population 18 years and over,Place,4807486,Belterra CDP,4007,483,3524,3114,51,7,185,3,7,157
Texas,2020,U.S. Census Bureau,2020 Decennial Census PL 94-171,P4,Population 18 years and over,Place,4807492,Belton city,17893,4894,12999,10346,1582,53,302,21,63,632
Texas,2020,U.S. Census Bureau,2020 Decennial Census PL 94-171,P4,Population 18 years and over,Place,4807516,Ben Arnold CDP,96,26,70,59,8,1,1,0,0,1
Texas,2020,U.S. Census Bureau,2020 Decennial Census PL 94-171,P4,Population 18 years and over,Place,4807540,Ben Bolt CDP,1266,1118,148,135,3,2,1,0,0,7
Texas,2020,U.S. Census Bureau,2020 Decennial Census PL 94-171,P4,Population 18 years and over,Place,4807708,Ben Wheeler CDP,360,65,295,274,2,5,0,2,0,12
Texas,2020,U.S. Census Bureau,2020 Decennial Census PL 94-171,P4,Population 18 years and over,Place,4807528,Benavides city,936,892,44,32,0,0,3,0,0,9
Texas,2020,U.S. Census Bureau,2020 Decennial Census PL 94-171,P4,Population 18 years and over,Place,4807552,Benbrook city,19453,2559,16894,14322,1221,75,422,19,52,783
Texas,2020,U.S. Census Bureau,2020 Decennial Census PL 94-171,P4,Population 18 years and over,Place,4807642,Benjamin Perez CDP,19,19,0,0,0,0,0,0,0,0
Texas,2020,U.S. Census Bureau,2020 Decennial Census PL 94-171,P4,Population 18 years and over,Place,4807636,Benjamin city,145,13,132,126,1,0,1,0,0,4
Texas,2020,U.S. Census Bureau,2020 Decennial Census PL 94-171,P4,Population 18 years and over,Place,4807852,Berryville town,643,28,615,564,27,2,5,0,1,16
Texas,2020,U.S. Census Bureau,2020 Decennial Census PL 94-171,P4,Population 18 years and over,Place,4807864,Bertram city,1235,296,939,851,14,7,13,0,9,45
Texas,2020,U.S. Census Bureau,2020 Decennial Census PL 94-171,P4,Population 18 years and over,Place,4808104,Beverly Hills city,1339,785,554,376,141,5,0,0,2,30
Texas,2020,U.S. Census Bureau,2020 Decennial Census PL 94-171,P4,Population 18 years and over,Place,4808128,Bevil Oaks city,821,122,699,601,69,5,4,0,0,20
Texas,2020,U.S. Census Bureau,2020 Decennial Census PL 94-171,P4,Population 18 years and over,Place,4808212,Big Lake city,2082,1356,726,631,29,6,16,1,2,41
Texas,2020,U.S. Census Bureau,2020 Decennial Census PL 94-171,P4,Population 18 years and over,Place,4808224,Big Sandy town,922,37,885,703,129,8,2,1,0,42
Texas,2020,U.S. Census Bureau,2020 Decennial Census PL 94-171,P4,Population 18 years and over,Place,4808236,Big Spring city,20367,10481,9886,8002,1071,137,256,8,36,376
Texas,2020,U.S. Census Bureau,2020 Decennial Census PL 94-171,P4,Population 18 years and over,Place,4808240,Big Thicket Lake Estates CDP,406,20,386,363,2,3,0,0,2,16
Texas,2020,U.S. Census Bureau,2020 Decennial Census PL 94-171,P4,Population 18 years and over,Place,4808260,Big Wells city,340,314,26,25,1,0,0,0,0,0
Texas,2020,U.S. Census Bureau,2020 Decennial Census PL 94-171,P4,Population 18 years and over,Place,4808164,Bigfoot CDP,393,141,252,239,4,0,0,0,0,9
Texas,2020,U.S. Census Bureau,2020 Decennial Census PL 94-171,P4,Population 18 years and over,Place,4808398,Bishop Hills town,171,12,159,143,1,1,1,0,3,10
Texas,2020,U.S. Census Bureau,2020 Decennial Census PL 94-171,P4,Population 18 years and over,Place,4808392,Bishop city,2289,1590,699,612,20,10,17,0,7,33
Texas,2020,U.S. Census Bureau,2020 Decennial Census PL 94-171,P4,Population 18 years and over,Place,4808404,Bivins CDP,131,5,126,98,20,0,1,0,0,7
Texas,2020,U.S. Census Bureau,2020 Decennial Census PL 94-171,P4,Population 18 years and over,Place,4808410,Bixby CDP,259,229,30,24,0,0,3,0,0,3
Texas,2020,U.S. Census Bureau,2020 Decennial Census PL 94-171,P4,Population 18 years and over,Place,4808488,Blackwell city,207,10,197,183,1,3,0,1,0,9
Texas,2020,U.S. Census Bureau,2020 Decennial Census PL 94-171,P4,Population 18 years and over,Place,4808536,Blanco city,1339,386,953,900,13,2,6,0,4,28
Texas,2020,U.S. Census Bureau,2020 Decennial Census PL 94-171,P4,Population 18 years and over,Place,4808596,Blanket town,298,44,254,245,0,2,1,0,1,5
Texas,2020,U.S. Census Bureau,2020 Decennial Census PL 94-171,P4,Population 18 years and over,Place,4808644,Bledsoe CDP,39,23,16,16,0,0,0,0,0,0
Texas,2020,U.S. Census Bureau,2020 Decennial Census PL 94-171,P4,Population 18 years and over,Place,4808668,Blessing CDP,623,369,254,229,11,0,0,0,5,9
Texas,2020,U.S. Census Bureau,2020 Decennial Census PL 94-171,P4,Population 18 years and over,Place,4808752,Bloomburg town,245,5,240,207,24,4,1,0,0,4
Texas,2020,U.S. Census Bureau,2020 Decennial Census PL 94-171,P4,Population 18 years and over,Place,4808788,Blooming Grove town,626,35,591,532,17,2,5,4,3,28
Texas,2020,U.S. Census Bureau,2020 Decennial Census PL 94-171,P4,Population 18 years and over,Place,4808800,Bloomington CDP,1466,1063,403,290,84,0,3,0,7,19
Texas,2020,U.S. Census Bureau,2020 Decennial Census PL 94-171,P4,Population 18 years and over,Place,4808812,Blossom city,1053,76,977,895,28,16,4,0,1,33
Texas,2020,U.S. Census Bureau,2020 Decennial Census PL 94-171,P4,Population 18 years and over,Place,4808830,Blue Berry Hill CDP,611,518,93,86,3,0,2,0,1,1
Texas,2020,U.S. Census Bureau,2020 Decennial Census PL 94-171,P4,Population 18 years and over,Place,4808860,Blue Mound city,1742,986,756,647,39,1,19,10,3,37
Texas,2020,U.S. Census Bureau,2020 Decennial Census PL 94-171,P4,Population 18 years and over,Place,4808872,Blue Ridge city,797,219,578,526,3,5,1,0,1,42
Texas,2020,U.S. Census Bureau,2020 Decennial Census PL 94-171,P4,Population 18 years and over,Place,4808908,Bluetown CDP,351,317,34,29,0,1,0,0,1,3
Texas,2020,U.S. Census Bureau,2020 Decennial Census PL 94-171,P4,Population 18 years and over,Place,4808932,Bluff Dale CDP,116,4,112,103,0,1,0,0,1,7
Texas,2020,U.S. Census Bureau,2020 Decennial Census PL 94-171,P4,Population 18 years and over,Place,4809004,Blum town,285,27,258,240,0,5,1,0,0,12
Texas,2020,U.S. Census Bureau,2020 Decennial Census PL 94-171,P4,Population 18 years and over,Place,4809160,Boerne city,13106,3024,10082,9363,127,50,152,13,53,324
Texas,2020,U.S. Census Bureau,2020 Decennial Census PL 94-171,P4,Population 18 years and over,Place,4809172,Bogata city,821,39,782,715,15,15,2,0,0,35
Texas,2020,U.S. Census Bureau,2020 Decennial Census PL 94-171,P4,Population 18 years and over,Place,4809232,Boling CDP,700,385,315,237,57,1,3,0,0,17
Texas,2020,U.S. Census Bureau,2020 Decennial Census PL 94-171,P4,Population 18 years and over,Place,4809250,Bolivar Peninsula CDP,2445,222,2223,2096,16,18,20,3,7,63
Texas,2020,U.S. Census Bureau,2020 Decennial Census PL 94-171,P4,Population 18 years and over,Place,4809310,Bonanza Hills CDP,46,43,3,3,0,0,0,0,0,0
Texas,2020,U.S. Census Bureau,2020 Decennial Census PL 94-171,P4,Population 18 years and over,Place,4809328,Bonham city,8544,1340,7204,5498,1360,60,66,6,8,206
Texas,2020,U.S. Census Bureau,2020 Decennial Census PL 94-171,P4,Population 18 years and over,Place,4809388,Bonney village,137,43,94,59,28,0,1,0,0,6
Texas,2020,U.S. Census Bureau,2020 Decennial Census PL 94-171,P4,Population 18 years and over,Place,4809448,Booker town,1023,562,461,434,3,5,1,0,0,18
Texas,2020,U.S. Census Bureau,2020 Decennial Census PL 94-171,P4,Population 18 years and over,Place,4809556,Borger city,9171,2535,6636,5760,302,138,58,2,21,355
Texas,2020,U.S. Census Bureau,2020 Decennial Census PL 94-171,P4,Population 18 years and over,Place,4809598,Botines CDP,108,105,3,3,0,0,0,0,0,0
Texas,2020,U.S. Census Bureau,2020 Decennial Census PL 94-171,P4,Population 18 years and over,Place,4809628,Bovina city,1163,977,186,168,15,0,0,0,0,3
Texas,2020,U.S. Census Bureau,2020 Decennial Census PL 94-171,P4,Population 18 years and over,Place,4809640,Bowie city,4038,561,3477,3224,10,30,28,2,6,177
Texas,2020,U.S. Census Bureau,2020 Decennial Census PL 94-171,P4,Population 18 years and over,Place,4809656,Box Canyon CDP,29,8,21,19,0,1,0,0,0,1
Texas,2020,U.S. Census Bureau,2020 Decennial Census PL 94-171,P4,Population 18 years and over,Place,4809748,Boyd town,1058,163,895,821,7,15,4,0,4,44
Texas,2020,U.S. Census Bureau,2020 Decennial Census PL 94-171,P4,Population 18 years and over,Place,4809796,Boys Ranch CDP,50,8,42,34,5,0,0,0,0,3
Texas,2020,U.S. Census Bureau,2020 Decennial Census PL 94-171,P4,Population 18 years and over,Place,4809868,Brackettville city,1011,722,289,243,23,6,0,2,0,15
Texas,2020,U.S. Census Bureau,2020 Decennial Census PL 94-171,P4,Population 18 years and over,Place,4809916,Brady city,3911,1325,2586,2401,68,5,29,0,4,79
Texas,2020,U.S. Census Bureau,2020 Decennial Census PL 94-171,P4,Population 18 years and over,Place,4810072,Brazoria city,2172,411,1761,1420,234,12,13,2,5,75
Texas,2020,U.S. Census Bureau,2020 Decennial Census PL 94-171,P4,Population 18 years and over,Place,4810084,Brazos CDP,80,13,67,64,0,0,0,0,0,3
Texas,2020,U.S. Census Bureau,2020 Decennial Census PL 94-171,P4,Population 18 years and over,Place,4810090,Brazos Country city,438,33,405,395,7,1,0,0,0,2
Texas,2020,U.S. Census Bureau,2020 Decennial Census PL 94-171,P4,Population 18 years and over,Place,4810132,Breckenridge city,3759,1083,2676,2436,70,11,33,1,18,107
Texas,2020,U.S. Census Bureau,2020 Decennial Census PL 94-171,P4,Population 18 years and over,Place,4810144,Bremond city,651,45,606,442,126,0,13,0,0,25
Texas,2020,U.S. Census Bureau,2020 Decennial Census PL 94-171,P4,Population 18 years and over,Place,4810156,Brenham city,13543,2366,11177,7462,2985,28,345,14,42,301
Texas,2020,U.S. Census Bureau,2020 Decennial Census PL 94-171,P4,Population 18 years and over,Place,4810192,Briar CDP,5490,559,4931,4541,51,32,37,1,14,255
Texas,2020,U.S. Census Bureau,2020 Decennial Census PL 94-171,P4,Population 18 years and over,Place,4810197,Briarcliff village,1600,129,1471,1382,4,6,18,0,7,54
Texas,2020,U.S. Census Bureau,2020 Decennial Census PL 94-171,P4,Population 18 years and over,Place,4810216,Briaroaks city,423,32,391,375,0,2,3,0,0,11
Texas,2020,U.S. Census Bureau,2020 Decennial Census PL 94-171,P4,Population 18 years and over,Place,4810252,Bridge City city,7001,646,6355,5856,53,35,207,0,8,196
Texas,2020,U.S. Census Bureau,2020 Decennial Census PL 94-171,P4,Population 18 years and over,Place,4810264,Bridgeport city,4271,1801,2470,2148,145,16,44,0,3,114
Texas,2020,U.S. Census Bureau,2020 Decennial Census PL 94-171,P4,Population 18 years and over,Place,4810276,Briggs CDP,87,16,71,67,0,1,0,0,0,3
Texas,2020,U.S. Census Bureau,2020 Decennial Census PL 94-171,P4,Population 18 years and over,Place,4810336,Bristol CDP,575,81,494,449,21,0,5,0,0,19
Texas,2020,U.S. Census Bureau,2020 Decennial Census PL 94-171,P4,Population 18 years and over,Place,4810384,Broaddus town,142,9,133,130,0,0,0,0,0,3
Texas,2020,U.S. Census Bureau,2020 Decennial Census PL 94-171,P4,Population 18 years and over,Place,4810528,Bronte town,722,182,540,524,0,1,1,1,1,12
Texas,2020,U.S. Census Bureau,2020 Decennial Census PL 94-171,P4,Population 18 years and over,Place,4810636,Brookshire city,3601,1831,1770,655,987,23,28,1,8,68
Texas,2020,U.S. Census Bureau,2020 Decennial Census PL 94-171,P4,Population 18 years and over,Place,4810648,Brookside Village city,1182,534,648,504,85,4,26,0,0,29
Texas,2020,U.S. Census Bureau,2020 Decennial Census PL 94-171,P4,Population 18 years and over,Place,4810660,Brookston CDP,65,0,65,46,16,0,0,0,1,2
Texas,2020,U.S. Census Bureau,2020 Decennial Census PL 94-171,P4,Population 18 years and over,Place,4810708,Browndell city,121,0,121,57,60,0,1,1,0,2
Texas,2020,U.S. Census Bureau,2020 Decennial Census PL 94-171,P4,Population 18 years and over,Place,4810720,Brownfield city,6562,3664,2898,2408,344,19,32,0,14,81
Texas,2020,U.S. Census Bureau,2020 Decennial Census PL 94-171,P4,Population 18 years and over,Place,4810756,Brownsboro city,880,141,739,655,36,5,3,0,4,36
Texas,2020,U.S. Census Bureau,2020 Decennial Census PL 94-171,P4,Population 18 years and over,Place,4810768,Brownsville city,132930,123755,9175,7317,314,67,881,18,179,399
Texas,2020,U.S. Census Bureau,2020 Decennial Census PL 94-171,P4,Population 18 years and over,Place,4810780,Brownwood city,14222,3573,10649,9325,702,33,105,27,42,415
Texas,2020,U.S. Census Bureau,2020 Decennial Census PL 94-171,P4,Population 18 years and over,Place,4810828,Bruceville-Eddy city,1098,162,936,837,20,3,11,0,0,65
Texas,2020,U.S. Census Bureau,2020 Decennial Census PL 94-171,P4,Population 18 years and over,Place,4810852,Brundage CDP,10,10,0,0,0,0,0,0,0,0
Texas,2020,U.S. Census Bureau,2020 Decennial Census PL 94-171,P4,Population 18 years and over,Place,4810876,Bruni CDP,196,180,16,15,1,0,0,0,0,0
Texas,2020,U.S. Census Bureau,2020 Decennial Census PL 94-171,P4,Population 18 years and over,Place,4810897,Brushy Creek CDP,16322,2453,13869,10117,796,30,2136,7,78,705
Texas,2020,U.S. Census Bureau,2020 Decennial Census PL 94-171,P4,Population 18 years and over,Place,4810912,Bryan city,64085,22059,42026,28639,9458,81,1814,68,263,1703
Texas,2020,U.S. Census Bureau,2020 Decennial Census PL 94-171,P4,Population 18 years and over,Place,4810960,Bryson city,325,25,300,287,0,3,2,0,0,8
Texas,2020,U.S. Census Bureau,2020 Decennial Census PL 94-171,P4,Population 18 years and over,Place,4810984,Buchanan Dam CDP,1346,73,1273,1205,4,4,12,0,1,47
Texas,2020,U.S. Census Bureau,2020 Decennial Census PL 94-171,P4,Population 18 years and over,Place,4810990,Buchanan Lake Village CDP,607,24,583,543,0,6,3,0,3,28
Texas,2020,U.S. Census Bureau,2020 Decennial Census PL 94-171,P4,Population 18 years and over,Place,4811020,Buckholts town,254,115,139,125,1,0,1,0,3,9
Texas,2020,U.S. Census Bureau,2020 Decennial Census PL 94-171,P4,Population 18 years and over,Place,4811080,Buda city,10765,3518,7247,6294,320,28,206,0,39,360
Texas,2020,U.S. Census Bureau,2020 Decennial Census PL 94-171,P4,Population 18 years and over,Place,4811102,Buena Vista CDP,58,55,3,3,0,0,0,0,0,0
Texas,2020,U.S. Census Bureau,2020 Decennial Census PL 94-171,P4,Population 18 years and over,Place,4811128,Buffalo Gap town,414,25,389,364,2,1,2,0,0,20
Texas,2020,U.S. Census Bureau,2020 Decennial Census PL 94-171,P4,Population 18 years and over,Place,4811155,Buffalo Springs village,403,46,357,340,0,0,0,0,1,16
Texas,2020,U.S. Census Bureau,2020 Decennial Census PL 94-171,P4,Population 18 years and over,Place,4811116,Buffalo city,1264,414,850,655,135,7,16,3,0,34
Texas,2020,U.S. Census Bureau,2020 Decennial Census PL 94-171,P4,Population 18 years and over,Place,4811212,Bullard town,2263,163,2100,1890,82,14,23,0,7,84
Texas,2020,U.S. Census Bureau,2020 Decennial Census PL 94-171,P4,Population 18 years and over,Place,4811224,Bulverde city,4609,943,3666,3412,32,16,36,4,19,147
Texas,2020,U.S. Census Bureau,2020 Decennial Census PL 94-171,P4,Population 18 years and over,Place,4811236,Buna CDP,1647,70,1577,1347,172,0,6,0,4,48
Texas,2020,U.S. Census Bureau,2020 Decennial Census PL 94-171,P4,Population 18 years and over,Place,4811300,Bunker Hill Village city,2787,190,2597,2054,7,5,437,0,3,91
Texas,2020,U.S. Census Bureau,2020 Decennial Census PL 94-171,P4,Population 18 years and over,Place,4811368,Burkburnett city,8183,749,7434,6633,248,86,69,5,21,372
Texas,2020,U.S. Census Bureau,2020 Decennial Census PL 94-171,P4,Population 18 years and over,Place,4811380,Burke city,510,116,394,363,15,2,4,3,0,7
Texas,2020,U.S. Census Bureau,2020 Decennial Census PL 94-171,P4,Population 18 years and over,Place,4811428,Burleson city,34396,4799,29597,25885,1409,187,551,26,140,1399
Texas,2020,U.S. Census Bureau,2020 Decennial Census PL 94-171,P4,Population 18 years and over,Place,4811440,Burlington CDP,64,21,43,42,0,1,0,0,0,0
Texas,2020,U.S. Census Bureau,2020 Decennial Census PL 94-171,P4,Population 18 years and over,Place,4811464,Burnet city,5060,1029,4031,3634,138,12,66,0,25,156
Texas,2020,U.S. Census Bureau,2020 Decennial Census PL 94-171,P4,Population 18 years and over,Place,4811536,Burton city,238,7,231,187,26,2,1,0,3,12
Texas,2020,U.S. Census Bureau,2020 Decennial Census PL 94-171,P4,Population 18 years and over,Place,4811572,Bushland CDP,1539,165,1374,1295,7,6,6,0,2,58
Texas,2020,U.S. Census Bureau,2020 Decennial Census PL 94-171,P4,Population 18 years and over,Place,4811626,Butterfield CDP,81,73,8,7,0,0,0,0,0,1
Texas,2020,U.S. Census Bureau,2020 Decennial Census PL 94-171,P4,Population 18 years and over,Place,4811644,Byers city,348,20,328,289,1,9,3,0,2,24
Texas,2020,U.S. Census Bureau,2020 Decennial Census PL 94-171,P4,Population 18 years and over,Place,4811656,Bynum town,122,12,110,101,6,2,0,0,0,1
Texas,2020,U.S. Census Bureau,2020 Decennial Census PL 94-171,P4,Population 18 years and over,Place,4811692,Cactus city,2070,1484,586,84,294,1,184,0,12,11
Texas,2020,U.S. Census Bureau,2020 Decennial Census PL 94-171,P4,Population 18 years and over,Place,4811716,Caddo Mills city,1051,103,948,873,39,5,0,0,2,29
Texas,2020,U.S. Census Bureau,2020 Decennial Census PL 94-171,P4,Population 18 years and over,Place,4811725,Cade Lakes CDP,388,103,285,265,5,2,0,0,0,13
Texas,2020,U.S. Census Bureau,2020 Decennial Census PL 94-171,P4,Population 18 years and over,Place,4811836,Caldwell city,3006,820,2186,1700,388,11,21,0,6,60
Texas,2020,U.S. Census Bureau,2020 Decennial Census PL 94-171,P4,Population 18 years and over,Place,4811940,Callender Lake CDP,913,46,867,812,16,1,0,0,0,38
Texas,2020,U.S. Census Bureau,2020 Decennial Census PL 94-171,P4,Population 18 years and over,Place,4811968,Callisburg city,237,12,225,217,0,1,1,0,0,6
Texas,2020,U.S. Census Bureau,2020 Decennial Census PL 94-171,P4,Population 18 years and over,Place,4811992,Calvert city,765,87,678,291,361,3,4,0,2,17
Texas,2020,U.S. Census Bureau,2020 Decennial Census PL 94-171,P4,Population 18 years and over,Place,4812010,Camargito CDP,224,222,2,0,1,0,0,0,0,1
Texas,2020,U.S. Census Bureau,2020 Decennial Census PL 94-171,P4,Population 18 years and over,Place,4812045,Cameron Park CDP,4175,4111,64,51,3,3,5,0,0,2
Texas,2020,U.S. Census Bureau,2020 Decennial Census PL 94-171,P4,Population 18 years and over,Place,4812040,Cameron city,4010,1290,2720,1872,751,8,17,2,6,64
Texas,2020,U.S. Census Bureau,2020 Decennial Census PL 94-171,P4,Population 18 years and over,Place,4812334,Camp Swift CDP,5849,3212,2637,2091,396,24,22,0,10,94
Texas,2020,U.S. Census Bureau,2020 Decennial Census PL 94-171,P4,Population 18 years and over,Place,4812388,Camp Wood city,409,141,268,252,1,0,2,0,0,13
Texas,2020,U.S. Census Bureau,2020 Decennial Census PL 94-171,P4,Population 18 years and over,Place,4812112,Campbell city,427,36,391,362,14,3,0,0,0,12
Texas,2020,U.S. Census Bureau,2020 Decennial Census PL 94-171,P4,Population 18 years and over,Place,4812226,Campo Verde CDP,87,87,0,0,0,0,0,0,0,0
Texas,2020,U.S. Census Bureau,2020 Decennial Census PL 94-171,P4,Population 18 years and over,Place,4812412,Canadian city,1623,577,1046,983,0,7,3,0,4,49
Texas,2020,U.S. Census Bureau,2020 Decennial Census PL 94-171,P4,Population 18 years and over,Place,4812472,Caney City town,179,4,175,120,44,4,1,0,0,6
Texas,2020,U.S. Census Bureau,2020 Decennial Census PL 94-171,P4,Population 18 years and over,Place,4812496,Canton city,3176,230,2946,2700,92,15,44,4,4,87
Texas,2020,U.S. Census Bureau,2020 Decennial Census PL 94-171,P4,Population 18 years and over,Place,4812502,Cantu Addition CDP,131,114,17,14,0,0,3,0,0,0
Texas,2020,U.S. Census Bureau,2020 Decennial Census PL 94-171,P4,Population 18 years and over,Place,4812508,Canutillo CDP,4632,4127,505,356,69,8,33,0,16,23
Texas,2020,U.S. Census Bureau,2020 Decennial Census PL 94-171,P4,Population 18 years and over,Place,4812562,Canyon Creek CDP,957,106,851,792,7,0,5,0,9,38
Texas,2020,U.S. Census Bureau,2020 Decennial Census PL 94-171,P4,Population 18 years and over,Place,4812580,Canyon Lake CDP,25564,4012,21552,19835,279,94,174,19,141,1010
Texas,2020,U.S. Census Bureau,2020 Decennial Census PL 94-171,P4,Population 18 years and over,Place,4812532,Canyon city,11811,2214,9597,8429,486,96,152,6,49,379
Texas,2020,U.S. Census Bureau,2020 Decennial Census PL 94-171,P4,Population 18 years and over,Place,4812600,Cape Royale CDP,598,17,581,547,15,2,1,0,3,13
Texas,2020,U.S. Census Bureau,2020 Decennial Census PL 94-171,P4,Population 18 years and over,Place,4812736,Carbon town,206,45,161,150,0,2,1,0,0,8
Texas,2020,U.S. Census Bureau,2020 Decennial Census PL 94-171,P4,Population 18 years and over,Place,4812895,Carl's Corner town,162,77,85,67,5,1,1,1,0,10
Texas,2020,U.S. Census Bureau,2020 Decennial Census PL 94-171,P4,Population 18 years and over,Place,4812892,Carlsbad CDP,506,110,396,339,39,2,5,0,1,10
Texas,2020,U.S. Census Bureau,2020 Decennial Census PL 94-171,P4,Population 18 years and over,Place,4812904,Carlton CDP,77,10,67,64,0,1,0,0,0,2
Texas,2020,U.S. Census Bureau,2020 Decennial Census PL 94-171,P4,Population 18 years and over,Place,4812916,Carmine city,193,16,177,166,4,0,0,0,0,7
Texas,2020,U.S. Census Bureau,2020 Decennial Census PL 94-171,P4,Population 18 years and over,Place,4812982,Carrizo Hill CDP,388,368,20,20,0,0,0,0,0,0
Texas,2020,U.S. Census Bureau,2020 Decennial Census PL 94-171,P4,Population 18 years and over,Place,4812988,Carrizo Springs city,3521,3116,405,278,55,6,37,1,7,21
Texas,2020,U.S. Census Bureau,2020 Decennial Census PL 94-171,P4,Population 18 years and over,Place,4813024,Carrollton city,104791,29533,75258,43156,10150,343,18127,60,330,3092
Texas,2020,U.S. Census Bureau,2020 Decennial Census PL 94-171,P4,Population 18 years and over,Place,4813075,Carter CDP,1191,196,995,888,6,7,6,1,11,76
Texas,2020,U.S. Census Bureau,2020 Decennial Census PL 94-171,P4,Population 18 years and over,Place,4813108,Carthage city,5029,640,4389,3227,972,11,52,2,7,118
Texas,2020,U.S. Census Bureau,2020 Decennial Census PL 94-171,P4,Population 18 years and over,Place,4813128,Casa Blanca CDP,42,42,0,0,0,0,0,0,0,0
Texas,2020,U.S. Census Bureau,2020 Decennial Census PL 94-171,P4,Population 18 years and over,Place,4813150,Casas CDP,24,24,0,0,0,0,0,0,0,0
Texas,2020,U.S. Census Bureau,2020 Decennial Census PL 94-171,P4,Population 18 years and over,Place,4813198,Cashion Community city,220,22,198,184,3,0,4,0,0,7
Texas,2020,U.S. Census Bureau,2020 Decennial Census PL 94-171,P4,Population 18 years and over,Place,4813276,Castle Hills city,3204,1404,1800,1588,53,1,72,1,11,74
Texas,2020,U.S. Census Bureau,2020 Decennial Census PL 94-171,P4,Population 18 years and over,Place,4813312,Castroville city,2281,881,1400,1325,18,7,16,1,3,30
Texas,2020,U.S. Census Bureau,2020 Decennial Census PL 94-171,P4,Population 18 years and over,Place,4813324,Catarina CDP,64,55,9,9,0,0,0,0,0,0
Texas,2020,U.S. Census Bureau,2020 Decennial Census PL 94-171,P4,Population 18 years and over,Place,4813432,Cedar Creek CDP,2218,1246,972,754,115,10,15,0,14,64
Texas,2020,U.S. Census Bureau,2020 Decennial Census PL 94-171,P4,Population 18 years and over,Place,4813492,Cedar Hill city,36391,7897,28494,7500,18970,117,844,20,121,922
Texas,2020,U.S. Census Bureau,2020 Decennial Census PL 94-171,P4,Population 18 years and over,Place,4813552,Cedar Park city,56082,9516,46566,34212,2380,109,7452,51,219,2143
Texas,2020,U.S. Census Bureau,2020 Decennial Census PL 94-171,P4,Population 18 years and over,Place,4813570,Cedar Point CDP,709,53,656,606,11,3,5,0,6,25
Texas,2020,U.S. Census Bureau,2020 Decennial Census PL 94-171,P4,Population 18 years and over,Place,4813672,Celeste city,586,48,538,475,26,4,0,0,0,33
Texas,2020,U.S. Census Bureau,2020 Decennial Census PL 94-171,P4,Population 18 years and over,Place,4813684,Celina city,11153,1794,9359,7567,836,56,416,9,39,436
Texas,2020,U.S. Census Bureau,2020 Decennial Census PL 94-171,P4,Population 18 years and over,Place,4813828,Center Point CDP,984,234,750,704,4,5,2,0,4,31
Texas,2020,U.S. Census Bureau,2020 Decennial Census PL 94-171,P4,Population 18 years and over,Place,4813732,Center city,3856,919,2937,1425,1220,6,200,7,8,71
Texas,2020,U.S. Census Bureau,2020 Decennial Census PL 94-171,P4,Population 18 years and over,Place,4813900,Centerville city,726,48,678,546,110,0,8,0,2,12
Texas,2020,U.S. Census Bureau,2020 Decennial Census PL 94-171,P4,Population 18 years and over,Place,4813972,Central Gardens CDP,3433,446,2987,2692,104,9,101,3,4,74
Texas,2020,U.S. Census Bureau,2020 Decennial Census PL 94-171,P4,Population 18 years and over,Place,4814224,Chandler city,2590,100,2490,2074,293,6,38,0,7,72
Texas,2020,U.S. Census Bureau,2020 Decennial Census PL 94-171,P4,Population 18 years and over,Place,4814236,Channelview CDP,31351,21182,10169,5120,3997,46,547,9,114,336
Texas,2020,U.S. Census Bureau,2020 Decennial Census PL 94-171,P4,Population 18 years and over,Place,4814260,Channing city,214,29,185,170,2,3,0,0,0,10
Texas,2020,U.S. Census Bureau,2020 Decennial Census PL 94-171,P4,Population 18 years and over,Place,4814266,Chaparrito CDP,98,97,1,0,0,0,0,0,0,1
Texas,2020,U.S. Census Bureau,2020 Decennial Census PL 94-171,P4,Population 18 years and over,Place,4814290,Chapeno CDP,32,28,4,4,0,0,0,0,0,0
Texas,2020,U.S. Census Bureau,2020 Decennial Census PL 94-171,P4,Population 18 years and over,Place,4814404,Charlotte city,1119,930,189,173,3,0,1,0,2,10
Texas,2020,U.S. Census Bureau,2020 Decennial Census PL 94-171,P4,Population 18 years and over,Place,4814584,Chester town,207,15,192,184,3,0,0,0,0,5
Texas,2020,U.S. Census Bureau,2020 Decennial Census PL 94-171,P4,Population 18 years and over,Place,4814620,Chico city,710,113,597,568,5,2,2,0,0,20
Texas,2020,U.S. Census Bureau,2020 Decennial Census PL 94-171,P4,Population 18 years and over,Place,4814668,Childress city,4593,1429,3164,2460,516,20,40,0,7,121
Texas,2020,U.S. Census Bureau,2020 Decennial Census PL 94-171,P4,Population 18 years and over,Place,4814680,Chillicothe city,412,137,275,242,11,4,0,0,1,17
Texas,2020,U.S. Census Bureau,2020 Decennial Census PL 94-171,P4,Population 18 years and over,Place,4814692,Chilton CDP,556,308,248,159,65,0,2,2,3,17
Texas,2020,U.S. Census Bureau,2020 Decennial Census PL 94-171,P4,Population 18 years and over,Place,4814716,China Grove town,987,367,620,511,69,5,3,1,0,31
Texas,2020,U.S. Census Bureau,2020 Decennial Census PL 94-171,P4,Population 18 years and over,Place,4814740,China Spring CDP,1016,162,854,799,17,2,2,0,1,33
Texas,2020,U.S. Census Bureau,2020 Decennial Census PL 94-171,P4,Population 18 years and over,Place,4814704,China city,962,54,908,611,253,2,12,0,1,29
Texas,2020,U.S. Census Bureau,2020 Decennial Census PL 94-171,P4,Population 18 years and over,Place,4814776,Chireno city,260,33,227,192,27,0,0,0,1,7
Texas,2020,U.S. Census Bureau,2020 Decennial Census PL 94-171,P4,Population 18 years and over,Place,4814860,Christine town,252,192,60,52,0,0,1,0,5,2
Texas,2020,U.S. Census Bureau,2020 Decennial Census PL 94-171,P4,Population 18 years and over,Place,4814872,Christoval CDP,375,82,293,267,3,0,0,0,0,23
Texas,2020,U.S. Census Bureau,2020 Decennial Census PL 94-171,P4,Population 18 years and over,Place,4814880,Chula Vista CDP (Cameron County),197,190,7,7,0,0,0,0,0,0
Texas,2020,U.S. Census Bureau,2020 Decennial Census PL 94-171,P4,Population 18 years and over,Place,4814881,Chula Vista CDP (Maverick County),3347,3282,65,31,5,16,5,2,5,1
Texas,2020,U.S. Census Bureau,2020 Decennial Census PL 94-171,P4,Population 18 years and over,Place,4814882,Chula Vista CDP (Zavala County),229,221,8,3,3,0,1,1,0,0
Texas,2020,U.S. Census Bureau,2020 Decennial Census PL 94-171,P4,Population 18 years and over,Place,4814920,Cibolo city,22565,6255,16310,10422,3720,67,840,93,86,1082
Texas,2020,U.S. Census Bureau,2020 Decennial Census PL 94-171,P4,Population 18 years and over,Place,4814927,Cienegas Terrace CDP,2095,2031,64,54,3,1,0,0,1,5
Texas,2020,U.S. Census Bureau,2020 Decennial Census PL 94-171,P4,Population 18 years and over,Place,4814929,Cinco Ranch CDP,12435,1927,10508,7723,408,19,1799,8,73,478
Texas,2020,U.S. Census Bureau,2020 Decennial Census PL 94-171,P4,Population 18 years and over,Place,4814986,Circle D-KC Estates CDP,2057,481,1576,1415,39,10,8,5,17,82
Texas,2020,U.S. Census Bureau,2020 Decennial Census PL 94-171,P4,Population 18 years and over,Place,4815004,Cisco city,2980,376,2604,2333,123,18,21,2,10,97
Texas,2020,U.S. Census Bureau,2020 Decennial Census PL 94-171,P4,Population 18 years and over,Place,4815028,Citrus City CDP,1943,1913,30,22,1,0,0,0,0,7
Texas,2020,U.S. Census Bureau,2020 Decennial Census PL 94-171,P4,Population 18 years and over,Place,4815112,Clarendon city,1467,152,1315,1119,114,14,8,1,2,57
Texas,2020,U.S. Census Bureau,2020 Decennial Census PL 94-171,P4,Population 18 years and over,Place,4815172,Clarksville City city,631,50,581,531,25,4,2,0,0,19
Texas,2020,U.S. Census Bureau,2020 Decennial Census PL 94-171,P4,Population 18 years and over,Place,4815160,Clarksville city,2238,155,2083,956,1024,12,21,0,2,68
Texas,2020,U.S. Census Bureau,2020 Decennial Census PL 94-171,P4,Population 18 years and over,Place,4815196,Claude city,904,65,839,778,6,15,7,0,1,32
Texas,2020,U.S. Census Bureau,2020 Decennial Census PL 94-171,P4,Population 18 years and over,Place,4815232,Clay CDP,102,22,80,1,76,0,1,0,0,2
Texas,2020,U.S. Census Bureau,2020 Decennial Census PL 94-171,P4,Population 18 years and over,Place,4815328,Clear Lake Shores city,1083,70,1013,950,8,6,13,0,4,32
Texas,2020,U.S. Census Bureau,2020 Decennial Census PL 94-171,P4,Population 18 years and over,Place,4815364,Cleburne city,23435,6051,17384,15146,980,97,146,211,37,767
Texas,2020,U.S. Census Bureau,2020 Decennial Census PL 94-171,P4,Population 18 years and over,Place,4815436,Cleveland city,5687,1650,4037,2543,1253,21,58,2,5,155
Texas,2020,U.S. Census Bureau,2020 Decennial Census PL 94-171,P4,Population 18 years and over,Place,4815472,Clifton city,2671,666,2005,1820,72,7,10,0,4,92
Texas,2020,U.S. Census Bureau,2020 Decennial Census PL 94-171,P4,Population 18 years and over,Place,4815544,Clint town,739,641,98,88,1,2,0,0,1,6
Texas,2020,U.S. Census Bureau,2020 Decennial Census PL 94-171,P4,Population 18 years and over,Place,4815628,Cloverleaf CDP,16728,12172,4556,2418,1729,38,185,1,22,163
Texas,2020,U.S. Census Bureau,2020 Decennial Census PL 94-171,P4,Population 18 years and over,Place,4815652,Clute city,7654,3845,3809,2750,762,35,71,3,28,160
Texas,2020,U.S. Census Bureau,2020 Decennial Census PL 94-171,P4,Population 18 years and over,Place,4815676,Clyde city,2861,249,2612,2445,18,20,9,2,10,108
Texas,2020,U.S. Census Bureau,2020 Decennial Census PL 94-171,P4,Population 18 years and over,Place,4815700,Coahoma town,668,225,443,419,2,2,4,0,2,14
Texas,2020,U.S. Census Bureau,2020 Decennial Census PL 94-171,P4,Population 18 years and over,Place,4815796,Cockrell Hill city,2727,2469,258,178,37,5,8,1,18,11
Texas,2020,U.S. Census Bureau,2020 Decennial Census PL 94-171,P4,Population 18 years and over,Place,4815820,Coffee City town,218,15,203,135,59,0,0,0,2,7
Texas,2020,U.S. Census Bureau,2020 Decennial Census PL 94-171,P4,Population 18 years and over,Place,4815892,Coldspring city,634,33,601,419,159,4,6,0,3,10
Texas,2020,U.S. Census Bureau,2020 Decennial Census PL 94-171,P4,Population 18 years and over,Place,4815916,Coleman city,3054,505,2549,2343,74,16,13,0,17,86
Texas,2020,U.S. Census Bureau,2020 Decennial Census PL 94-171,P4,Population 18 years and over,Place,4815976,College Station city,99951,18723,81228,59829,7070,247,10591,99,362,3030
Texas,2020,U.S. Census Bureau,2020 Decennial Census PL 94-171,P4,Population 18 years and over,Place,4815988,Colleyville city,20230,1212,19018,15792,477,59,1934,18,72,666
Texas,2020,U.S. Census Bureau,2020 Decennial Census PL 94-171,P4,Population 18 years and over,Place,4816036,Collinsville town,1373,164,1209,1128,14,10,2,0,1,54
Texas,2020,U.S. Census Bureau,2020 Decennial Census PL 94-171,P4,Population 18 years and over,Place,4816048,Colmesneil city,415,23,392,344,35,2,0,0,0,11
Texas,2020,U.S. Census Bureau,2020 Decennial Census PL 94-171,P4,Population 18 years and over,Place,4816110,Colorado Acres CDP,87,87,0,0,0,0,0,0,0,0
Texas,2020,U.S. Census Bureau,2020 Decennial Census PL 94-171,P4,Population 18 years and over,Place,4816120,Colorado City city,2886,1226,1660,1412,142,20,33,0,4,49
Texas,2020,U.S. Census Bureau,2020 Decennial Census PL 94-171,P4,Population 18 years and over,Place,4816168,Columbus city,2897,704,2193,1610,495,1,34,0,7,46
Texas,2020,U.S. Census Bureau,2020 Decennial Census PL 94-171,P4,Population 18 years and over,Place,4816192,Comanche city,3067,1097,1970,1851,11,18,19,0,0,71
Texas,2020,U.S. Census Bureau,2020 Decennial Census PL 94-171,P4,Population 18 years and over,Place,4816204,Combes town,2199,1868,331,293,6,0,12,0,9,11
Texas,2020,U.S. Census Bureau,2020 Decennial Census PL 94-171,P4,Population 18 years and over,Place,4816216,Combine city,1742,392,1350,1250,16,21,5,0,1,57
Texas,2020,U.S. Census Bureau,2020 Decennial Census PL 94-171,P4,Population 18 years and over,Place,4816228,Comfort CDP,1719,784,935,856,9,16,1,0,10,43
Texas,2020,U.S. Census Bureau,2020 Decennial Census PL 94-171,P4,Population 18 years and over,Place,4816240,Commerce city,7592,694,6898,3890,2115,85,227,45,36,500
Texas,2020,U.S. Census Bureau,2020 Decennial Census PL 94-171,P4,Population 18 years and over,Place,4816252,Como town,510,145,365,329,4,0,2,0,0,30
Texas,2020,U.S. Census Bureau,2020 Decennial Census PL 94-171,P4,Population 18 years and over,Place,4816300,Concepcion CDP,42,41,1,0,0,0,1,0,0,0
Texas,2020,U.S. Census Bureau,2020 Decennial Census PL 94-171,P4,Population 18 years and over,Place,4816432,Conroe city,68496,20072,48424,37428,6489,236,1968,56,223,2024
Texas,2020,U.S. Census Bureau,2020 Decennial Census PL 94-171,P4,Population 18 years and over,Place,4816468,Converse city,19839,7872,11967,6122,4142,66,635,85,81,836
Texas,2020,U.S. Census Bureau,2020 Decennial Census PL 94-171,P4,Population 18 years and over,Place,4816540,Cool city,173,21,152,146,2,1,0,0,0,3
Texas,2020,U.S. Census Bureau,2020 Decennial Census PL 94-171,P4,Population 18 years and over,Place,4816552,Coolidge town,535,223,312,180,116,6,1,0,0,9
Texas,2020,U.S. Census Bureau,2020 Decennial Census PL 94-171,P4,Population 18 years and over,Place,4816564,Cooper city,1433,93,1340,1086,190,7,15,4,4,34
Texas,2020,U.S. Census Bureau,2020 Decennial Census PL 94-171,P4,Population 18 years and over,Place,4816612,Coppell city,31510,3931,27579,16781,1674,65,7955,12,89,1003
Texas,2020,U.S. Census Bureau,2020 Decennial Census PL 94-171,P4,Population 18 years and over,Place,4816636,Copper Canyon town,1372,81,1291,1182,18,10,37,0,7,37
Texas,2020,U.S. Census Bureau,2020 Decennial Census PL 94-171,P4,Population 18 years and over,Place,4816624,Copperas Cove city,26493,4532,21961,13910,4730,136,880,515,166,1624
Texas,2020,U.S. Census Bureau,2020 Decennial Census PL 94-171,P4,Population 18 years and over,Place,4816696,Corinth city,17134,2509,14625,11867,1089,91,741,4,53,780
Texas,2020,U.S. Census Bureau,2020 Decennial Census PL 94-171,P4,Population 18 years and over,Place,4817000,Corpus Christi city,243246,140303,102943,80368,9966,708,6011,212,850,4828
Texas,2020,U.S. Census Bureau,2020 Decennial Census PL 94-171,P4,Population 18 years and over,Place,4817036,Corrigan town,1137,260,877,403,440,1,6,0,0,27
Texas,2020,U.S. Census Bureau,2020 Decennial Census PL 94-171,P4,Population 18 years and over,Place,4817060,Corsicana city,18386,5612,12774,8019,3618,42,198,428,53,416
Texas,2020,U.S. Census Bureau,2020 Decennial Census PL 94-171,P4,Population 18 years and over,Place,4817208,Cottonwood Shores city,997,271,726,653,18,4,7,0,3,41
Texas,2020,U.S. Census Bureau,2020 Decennial Census PL 94-171,P4,Population 18 years and over,Place,4817200,Cottonwood city,146,10,136,128,0,0,0,0,0,8
Texas,2020,U.S. Census Bureau,2020 Decennial Census PL 94-171,P4,Population 18 years and over,Place,4817216,Cotulla city,2704,2330,374,342,5,1,4,0,5,17
Texas,2020,U.S. Census Bureau,2020 Decennial Census PL 94-171,P4,Population 18 years and over,Place,4817236,Country Acres CDP,138,54,84,73,7,0,1,0,0,3
Texas,2020,U.S. Census Bureau,2020 Decennial Census PL 94-171,P4,Population 18 years and over,Place,4817312,Coupland city,221,43,178,162,4,3,0,0,0,9
Texas,2020,U.S. Census Bureau,2020 Decennial Census PL 94-171,P4,Population 18 years and over,Place,4817336,Cove city,389,21,368,349,1,1,0,0,0,17
Texas,2020,U.S. Census Bureau,2020 Decennial Census PL 94-171,P4,Population 18 years and over,Place,4817372,Covington city,200,19,181,177,1,0,0,0,0,3
Texas,2020,U.S. Census Bureau,2020 Decennial Census PL 94-171,P4,Population 18 years and over,Place,4817408,Coyanosa CDP,120,115,5,4,0,1,0,0,0,0
Texas,2020,U.S. Census Bureau,2020 Decennial Census PL 94-171,P4,Population 18 years and over,Place,4817426,Coyote Acres CDP,396,342,54,41,3,1,0,0,1,8
Texas,2020,U.S. Census Bureau,2020 Decennial Census PL 94-171,P4,Population 18 years and over,Place,4817429,Coyote Flats city,270,12,258,241,2,3,0,0,1,11
Texas,2020,U.S. Census Bureau,2020 Decennial Census PL 94-171,P4,Population 18 years and over,Place,4817504,Crandall city,2756,375,2381,2144,126,16,17,1,4,73
Texas,2020,U.S. Census Bureau,2020 Decennial Census PL 94-171,P4,Population 18 years and over,Place,4817516,Crane city,2450,1547,903,788,54,12,14,0,0,35
Texas,2020,U.S. Census Bureau,2020 Decennial Census PL 94-171,P4,Population 18 years and over,Place,4817540,Cranfills Gap city,203,27,176,162,5,0,0,0,0,9
Texas,2020,U.S. Census Bureau,2020 Decennial Census PL 94-171,P4,Population 18 years and over,Place,4817564,Crawford town,644,48,596,548,12,1,0,0,0,35
Texas,2020,U.S. Census Bureau,2020 Decennial Census PL 94-171,P4,Population 18 years and over,Place,4817612,Creedmoor city,350,215,135,125,1,2,1,1,0,5
Texas,2020,U.S. Census Bureau,2020 Decennial Census PL 94-171,P4,Population 18 years and over,Place,4817648,Cresson city,945,104,841,734,69,3,3,2,2,28
Texas,2020,U.S. Census Bureau,2020 Decennial Census PL 94-171,P4,Population 18 years and over,Place,4817744,Crockett city,4711,808,3903,1786,1944,19,37,2,8,107
Texas,2020,U.S. Census Bureau,2020 Decennial Census PL 94-171,P4,Population 18 years and over,Place,4817756,Crosby CDP,2301,902,1399,1115,178,6,19,1,3,77
Texas,2020,U.S. Census Bureau,2020 Decennial Census PL 94-171,P4,Population 18 years and over,Place,4817768,Crosbyton city,1108,589,519,468,40,1,1,0,0,9
Texas,2020,U.S. Census Bureau,2020 Decennial Census PL 94-171,P4,Population 18 years and over,Place,4817811,Cross Mountain CDP,2922,903,2019,1656,84,5,154,7,18,95
Texas,2020,U.S. Census Bureau,2020 Decennial Census PL 94-171,P4,Population 18 years and over,Place,4817816,Cross Plains town,669,46,623,605,0,4,1,0,1,12
Texas,2020,U.S. Census Bureau,2020 Decennial Census PL 94-171,P4,Population 18 years and over,Place,4817852,Cross Roads town,1362,162,1200,977,103,7,39,3,2,69
Texas,2020,U.S. Census Bureau,2020 Decennial Census PL 94-171,P4,Population 18 years and over,Place,4817917,Cross Timber town,261,26,235,224,0,0,1,0,0,10
Texas,2020,U.S. Census Bureau,2020 Decennial Census PL 94-171,P4,Population 18 years and over,Place,4817948,Crowell city,633,111,522,498,9,0,0,1,0,14
Texas,2020,U.S. Census Bureau,2020 Decennial Census PL 94-171,P4,Population 18 years and over,Place,4817960,Crowley city,12988,2861,10127,6814,2429,42,261,8,64,509
Texas,2020,U.S. Census Bureau,2020 Decennial Census PL 94-171,P4,Population 18 years and over,Place,4818020,Crystal City city,4505,4297,208,137,35,11,10,0,3,12
Texas,2020,U.S. Census Bureau,2020 Decennial Census PL 94-171,P4,Population 18 years and over,Place,4818092,Cuero city,6272,2632,3640,2534,950,15,28,2,18,93
Texas,2020,U.S. Census Bureau,2020 Decennial Census PL 94-171,P4,Population 18 years and over,Place,4818104,Cuevitas CDP,25,23,2,0,0,0,0,0,0,2
Texas,2020,U.S. Census Bureau,2020 Decennial Census PL 94-171,P4,Population 18 years and over,Place,4818128,Cumby city,518,18,500,470,5,9,1,0,0,15
Texas,2020,U.S. Census Bureau,2020 Decennial Census PL 94-171,P4,Population 18 years and over,Place,4818134,Cumings CDP,1475,610,865,605,174,11,43,1,5,26
Texas,2020,U.S. Census Bureau,2020 Decennial Census PL 94-171,P4,Population 18 years and over,Place,4818152,Cuney town,74,10,64,11,51,0,0,0,1,1
Texas,2020,U.S. Census Bureau,2020 Decennial Census PL 94-171,P4,Population 18 years and over,Place,4818224,Cushing city,412,35,377,340,17,4,0,0,0,16
Texas,2020,U.S. Census Bureau,2020 Decennial Census PL 94-171,P4,Population 18 years and over,Place,4818260,Cut and Shoot city,840,153,687,643,7,0,0,1,1,35
Texas,2020,U.S. Census Bureau,2020 Decennial Census PL 94-171,P4,Population 18 years and over,Place,4814038,César Chávez CDP,1156,1029,127,114,1,0,2,0,4,6
Texas,2020,U.S. Census Bureau,2020 Decennial Census PL 94-171,P4,Population 18 years and over,Place,4820248,D'Hanis CDP,656,254,402,385,2,0,2,0,1,12
Texas,2020,U.S. Census Bureau,2020 Decennial Census PL 94-171,P4,Population 18 years and over,Place,4820540,DISH town,348,28,320,290,14,1,4,0,0,11
Texas,2020,U.S. Census Bureau,2020 Decennial Census PL 94-171,P4,Population 18 years and over,Place,4818464,Daingerfield city,1825,221,1604,958,575,11,2,1,0,57
Texas,2020,U.S. Census Bureau,2020 Decennial Census PL 94-171,P4,Population 18 years and over,Place,4818476,Daisetta city,641,31,610,555,21,5,1,0,2,26
Texas,2020,U.S. Census Bureau,2020 Decennial Census PL 94-171,P4,Population 18 years and over,Place,4818524,Dalhart city,6125,2606,3519,3268,58,34,28,5,9,117
Texas,2020,U.S. Census Bureau,2020 Decennial Census PL 94-171,P4,Population 18 years and over,Place,4819000,Dallas city,999705,380962,618743,318767,230257,2353,40191,354,3594,23227
Texas,2020,U.S. Census Bureau,2020 Decennial Census PL 94-171,P4,Population 18 years and over,Place,4819084,Dalworthington Gardens city,1851,156,1695,1387,133,5,97,3,8,62
Texas,2020,U.S. Census Bureau,2020 Decennial Census PL 94-171,P4,Population 18 years and over,Place,4819108,Damon CDP,334,107,227,213,0,4,0,0,0,10
Texas,2020,U.S. Census Bureau,2020 Decennial Census PL 94-171,P4,Population 18 years and over,Place,4819120,Danbury city,1220,227,993,916,13,4,0,0,1,59
Texas,2020,U.S. Census Bureau,2020 Decennial Census PL 94-171,P4,Population 18 years and over,Place,4819288,Darrouzett town,251,46,205,193,0,1,0,0,3,8
Texas,2020,U.S. Census Bureau,2020 Decennial Census PL 94-171,P4,Population 18 years and over,Place,4819420,Dawson town,630,68,562,430,97,0,2,1,0,32
Texas,2020,U.S. Census Bureau,2020 Decennial Census PL 94-171,P4,Population 18 years and over,Place,4819435,Dayton Lakes city,39,2,37,34,0,0,0,0,0,3
Texas,2020,U.S. Census Bureau,2020 Decennial Census PL 94-171,P4,Population 18 years and over,Place,4819432,Dayton city,6536,1206,5330,3946,1000,27,108,2,17,230
Texas,2020,U.S. Census Bureau,2020 Decennial Census PL 94-171,P4,Population 18 years and over,Place,4819648,De Kalb city,1136,83,1053,720,279,8,11,0,0,35
Texas,2020,U.S. Census Bureau,2020 Decennial Census PL 94-171,P4,Population 18 years and over,Place,4819672,De Leon city,1708,507,1201,1128,10,2,1,0,8,52
Texas,2020,U.S. Census Bureau,2020 Decennial Census PL 94-171,P4,Population 18 years and over,Place,4819570,DeCordova city,2545,85,2460,2337,6,12,17,1,5,82
Texas,2020,U.S. Census Bureau,2020 Decennial Census PL 94-171,P4,Population 18 years and over,Place,4820092,DeSoto city,43262,6126,37136,5126,30428,106,438,12,142,884
Texas,2020,U.S. Census Bureau,2020 Decennial Census PL 94-171,P4,Population 18 years and over,Place,4819456,Dean city,390,37,353,331,0,7,0,0,0,15
Texas,2020,U.S. Census Bureau,2020 Decennial Census PL 94-171,P4,Population 18 years and over,Place,4819492,Deanville CDP,50,1,49,48,0,0,0,0,0,1
Texas,2020,U.S. Census Bureau,2020 Decennial Census PL 94-171,P4,Population 18 years and over,Place,4819528,Decatur city,4872,1298,3574,3297,45,20,61,0,14,137
Texas,2020,U.S. Census Bureau,2020 Decennial Census PL 94-171,P4,Population 18 years and over,Place,4819624,Deer Park city,25668,8280,17388,15530,520,88,366,20,119,745
Texas,2020,U.S. Census Bureau,2020 Decennial Census PL 94-171,P4,Population 18 years and over,Place,4819632,Deerwood CDP,1136,1061,75,61,4,1,3,0,2,4
Texas,2020,U.S. Census Bureau,2020 Decennial Census PL 94-171,P4,Population 18 years and over,Place,4819714,Del Mar Heights CDP,53,52,1,1,0,0,0,0,0,0
Texas,2020,U.S. Census Bureau,2020 Decennial Census PL 94-171,P4,Population 18 years and over,Place,4819792,Del Rio city,25433,20751,4682,3893,319,25,198,20,32,195
Texas,2020,U.S. Census Bureau,2020 Decennial Census PL 94-171,P4,Population 18 years and over,Place,4819808,Del Sol CDP,220,187,33,25,2,0,2,2,0,2
Texas,2020,U.S. Census Bureau,2020 Decennial Census PL 94-171,P4,Population 18 years and over,Place,4819708,Dell City city,218,133,85,73,1,4,0,0,0,7
Texas,2020,U.S. Census Bureau,2020 Decennial Census PL 94-171,P4,Population 18 years and over,Place,4819732,Delmita CDP,141,136,5,4,0,0,0,0,0,1
Texas,2020,U.S. Census Bureau,2020 Decennial Census PL 94-171,P4,Population 18 years and over,Place,4819900,Denison city,18849,2018,16831,13667,1496,347,149,6,47,1119
Texas,2020,U.S. Census Bureau,2020 Decennial Census PL 94-171,P4,Population 18 years and over,Place,4819924,Dennis CDP,501,28,473,464,0,0,0,0,2,7
Texas,2020,U.S. Census Bureau,2020 Decennial Census PL 94-171,P4,Population 18 years and over,Place,4819972,Denton city,112409,24513,87896,65146,12295,537,5254,132,372,4160
Texas,2020,U.S. Census Bureau,2020 Decennial Census PL 94-171,P4,Population 18 years and over,Place,4819984,Denver City town,3191,2117,1074,956,36,11,26,0,8,37
Texas,2020,U.S. Census Bureau,2020 Decennial Census PL 94-171,P4,Population 18 years and over,Place,4820020,Deport city,412,20,392,362,5,7,0,0,0,18
Texas,2020,U.S. Census Bureau,2020 Decennial Census PL 94-171,P4,Population 18 years and over,Place,4820128,Detroit town,536,15,521,445,49,4,1,0,3,19
Texas,2020,U.S. Census Bureau,2020 Decennial Census PL 94-171,P4,Population 18 years and over,Place,4820140,Devers city,280,56,224,190,18,0,0,0,4,12
Texas,2020,U.S. Census Bureau,2020 Decennial Census PL 94-171,P4,Population 18 years and over,Place,4820152,Devine city,3231,1887,1344,1235,20,14,5,1,16,53
Texas,2020,U.S. Census Bureau,2020 Decennial Census PL 94-171,P4,Population 18 years and over,Place,4820212,Deweyville CDP,446,6,440,414,7,7,2,0,0,10
Texas,2020,U.S. Census Bureau,2020 Decennial Census PL 94-171,P4,Population 18 years and over,Place,4820308,Diboll city,3356,1444,1912,1099,754,2,8,3,2,44
Texas,2020,U.S. Census Bureau,2020 Decennial Census PL 94-171,P4,Population 18 years and over,Place,4820332,Dickens city,167,38,129,123,0,0,0,0,2,4
Texas,2020,U.S. Census Bureau,2020 Decennial Census PL 94-171,P4,Population 18 years and over,Place,4820344,Dickinson city,15332,4958,10374,7770,1590,52,422,11,52,477
Texas,2020,U.S. Census Bureau,2020 Decennial Census PL 94-171,P4,Population 18 years and over,Place,4820428,Dilley city,2429,1906,523,313,174,3,8,0,13,12
Texas,2020,U.S. Census Bureau,2020 Decennial Census PL 94-171,P4,Population 18 years and over,Place,4820452,Dime Box CDP,158,44,114,93,18,0,0,0,0,3
Texas,2020,U.S. Census Bureau,2020 Decennial Census PL 94-171,P4,Population 18 years and over,Place,4820464,Dimmitt city,2893,2049,844,705,68,17,15,2,7,30
Texas,2020,U.S. Census Bureau,2020 Decennial Census PL 94-171,P4,Population 18 years and over,Place,4820680,Dodd City town,270,9,261,240,1,2,0,0,8,10
Texas,2020,U.S. Census Bureau,2020 Decennial Census PL 94-171,P4,Population 18 years and over,Place,4820716,Dodson town,70,31,39,39,0,0,0,0,0,0
Texas,2020,U.S. Census Bureau,2020 Decennial Census PL 94-171,P4,Population 18 years and over,Place,4820734,Doffing CDP,3740,3685,55,38,5,0,0,0,4,8
Texas,2020,U.S. Census Bureau,2020 Decennial Census PL 94-171,P4,Population 18 years and over,Place,4820848,Domino town,52,1,51,4,43,1,0,0,0,3
Texas,2020,U.S. Census Bureau,2020 Decennial Census PL 94-171,P4,Population 18 years and over,Place,4820884,Donna city,11657,10650,1007,923,11,9,8,5,14,37
Texas,2020,U.S. Census Bureau,2020 Decennial Census PL 94-171,P4,Population 18 years and over,Place,4820926,Doolittle CDP,2597,2514,83,59,5,5,0,0,12,2
Texas,2020,U.S. Census Bureau,2020 Decennial Census PL 94-171,P4,Population 18 years and over,Place,4820932,Dorchester city,54,6,48,43,0,0,2,0,0,3
Texas,2020,U.S. Census Bureau,2020 Decennial Census PL 94-171,P4,Population 18 years and over,Place,4821028,Double Oak town,2385,151,2234,2030,29,11,54,1,10,99
Texas,2020,U.S. Census Bureau,2020 Decennial Census PL 94-171,P4,Population 18 years and over,Place,4821112,Douglassville town,152,3,149,112,22,0,0,0,1,14
Texas,2020,U.S. Census Bureau,2020 Decennial Census PL 94-171,P4,Population 18 years and over,Place,4821310,Draper town,29,2,27,25,0,0,0,0,2,0
Texas,2020,U.S. Census Bureau,2020 Decennial Census PL 94-171,P4,Population 18 years and over,Place,4821412,Driftwood CDP,86,2,84,80,0,0,1,0,0,3
Texas,2020,U.S. Census Bureau,2020 Decennial Census PL 94-171,P4,Population 18 years and over,Place,4821424,Dripping Springs city,3462,641,2821,2588,36,17,39,4,10,127
Texas,2020,U.S. Census Bureau,2020 Decennial Census PL 94-171,P4,Population 18 years and over,Place,4821436,Driscoll city,482,431,51,46,1,0,1,0,1,2
Texas,2020,U.S. Census Bureau,2020 Decennial Census PL 94-171,P4,Population 18 years and over,Place,4821484,Dublin city,2426,884,1542,1433,11,10,10,2,7,69
Texas,2020,U.S. Census Bureau,2020 Decennial Census PL 94-171,P4,Population 18 years and over,Place,4821556,Dumas city,10172,5665,4507,3629,187,46,387,1,46,211
Texas,2020,U.S. Census Bureau,2020 Decennial Census PL 94-171,P4,Population 18 years and over,Place,4821628,Duncanville city,30219,12018,18201,7801,9074,98,481,11,90,646
Texas,2020,U.S. Census Bureau,2020 Decennial Census PL 94-171,P4,Population 18 years and over,Place,4823398,E. Lopez CDP,100,100,0,0,0,0,0,0,0,0
Texas,2020,U.S. Census Bureau,2020 Decennial Census PL 94-171,P4,Population 18 years and over,Place,4821844,Eagle Lake city,2512,1393,1119,583,495,4,1,0,7,29
Texas,2020,U.S. Census Bureau,2020 Decennial Census PL 94-171,P4,Population 18 years and over,Place,4821892,Eagle Pass city,20506,19376,1130,801,106,34,131,1,27,30
Texas,2020,U.S. Census Bureau,2020 Decennial Census PL 94-171,P4,Population 18 years and over,Place,4821904,Early city,2353,329,2024,1821,24,21,53,0,8,97
Texas,2020,U.S. Census Bureau,2020 Decennial Census PL 94-171,P4,Population 18 years and over,Place,4821928,Earth city,642,426,216,204,9,0,0,1,0,2
Texas,2020,U.S. Census Bureau,2020 Decennial Census PL 94-171,P4,Population 18 years and over,Place,4821958,East Alto Bonito CDP,636,625,11,9,1,0,0,0,0,1
Texas,2020,U.S. Census Bureau,2020 Decennial Census PL 94-171,P4,Population 18 years and over,Place,4821988,East Bernard city,1720,371,1349,1279,25,4,3,0,3,35
Texas,2020,U.S. Census Bureau,2020 Decennial Census PL 94-171,P4,Population 18 years and over,Place,4822000,East Columbia CDP,112,16,96,84,1,0,2,1,0,8
Texas,2020,U.S. Census Bureau,2020 Decennial Census PL 94-171,P4,Population 18 years and over,Place,4822168,East Mountain city,689,65,624,576,8,5,3,0,6,26
Texas,2020,U.S. Census Bureau,2020 Decennial Census PL 94-171,P4,Population 18 years and over,Place,4822276,East Tawakoni city,663,27,636,583,4,8,11,0,2,28
Texas,2020,U.S. Census Bureau,2020 Decennial Census PL 94-171,P4,Population 18 years and over,Place,4822132,Eastland city,2797,480,2317,2142,39,13,33,0,1,89
Texas,2020,U.S. Census Bureau,2020 Decennial Census PL 94-171,P4,Population 18 years and over,Place,4822192,Easton city,388,114,274,50,218,0,0,0,0,6
Texas,2020,U.S. Census Bureau,2020 Decennial Census PL 94-171,P4,Population 18 years and over,Place,4822516,Ector city,534,37,497,455,10,4,5,5,5,13
Texas,2020,U.S. Census Bureau,2020 Decennial Census PL 94-171,P4,Population 18 years and over,Place,4822528,Edcouch city,1956,1900,56,48,4,0,0,0,0,4
Texas,2020,U.S. Census Bureau,2020 Decennial Census PL 94-171,P4,Population 18 years and over,Place,4822552,Eden city,847,320,527,486,10,6,2,0,3,20
Texas,2020,U.S. Census Bureau,2020 Decennial Census PL 94-171,P4,Population 18 years and over,Place,4822588,Edgecliff Village town,2923,996,1927,1198,458,4,183,2,8,74
Texas,2020,U.S. Census Bureau,2020 Decennial Census PL 94-171,P4,Population 18 years and over,Place,4822593,Edgewater Estates CDP,61,25,36,30,1,0,0,0,3,2
Texas,2020,U.S. Census Bureau,2020 Decennial Census PL 94-171,P4,Population 18 years and over,Place,4822612,Edgewood town,1109,109,1000,881,70,10,6,1,1,31
Texas,2020,U.S. Census Bureau,2020 Decennial Census PL 94-171,P4,Population 18 years and over,Place,4822660,Edinburg city,72624,63193,9431,5637,1193,79,1991,3,175,353
Texas,2020,U.S. Census Bureau,2020 Decennial Census PL 94-171,P4,Population 18 years and over,Place,4822708,Edmonson town,65,37,28,28,0,0,0,0,0,0
Texas,2020,U.S. Census Bureau,2020 Decennial Census PL 94-171,P4,Population 18 years and over,Place,4822720,Edna city,4391,1539,2852,2072,568,14,68,0,42,88
Texas,2020,U.S. Census Bureau,2020 Decennial Census PL 94-171,P4,Population 18 years and over,Place,4822744,Edom city,256,39,217,212,0,1,0,0,0,4
Texas,2020,U.S. Census Bureau,2020 Decennial Census PL 94-171,P4,Population 18 years and over,Place,4822768,Edroy CDP,331,234,97,89,1,0,1,0,0,6
Texas,2020,U.S. Census Bureau,2020 Decennial Census PL 94-171,P4,Population 18 years and over,Place,4822810,Eidson Road CDP,6544,6462,82,55,0,6,5,1,7,8
Texas,2020,U.S. Census Bureau,2020 Decennial Census PL 94-171,P4,Population 18 years and over,Place,4822853,El Brazil CDP,38,35,3,2,0,0,0,0,0,1
Texas,2020,U.S. Census Bureau,2020 Decennial Census PL 94-171,P4,Population 18 years and over,Place,4822858,El Camino Angosto CDP,140,126,14,7,0,0,0,0,4,3
Texas,2020,U.S. Census Bureau,2020 Decennial Census PL 94-171,P4,Population 18 years and over,Place,4822864,El Campo city,8888,4246,4642,3598,879,18,50,0,20,77
Texas,2020,U.S. Census Bureau,2020 Decennial Census PL 94-171,P4,Population 18 years and over,Place,4822892,El Castillo CDP,143,142,1,1,0,0,0,0,0,0
Texas,2020,U.S. Census Bureau,2020 Decennial Census PL 94-171,P4,Population 18 years and over,Place,4822898,El Cenizo CDP,174,174,0,0,0,0,0,0,0,0
Texas,2020,U.S. Census Bureau,2020 Decennial Census PL 94-171,P4,Population 18 years and over,Place,4822905,El Cenizo city,1758,1726,32,25,3,0,0,0,1,3
Texas,2020,U.S. Census Bureau,2020 Decennial Census PL 94-171,P4,Population 18 years and over,Place,4822920,El Chaparral CDP,350,342,8,6,0,0,0,0,0,2
Texas,2020,U.S. Census Bureau,2020 Decennial Census PL 94-171,P4,Population 18 years and over,Place,4823080,El Indio CDP,135,129,6,2,0,3,0,0,0,1
Texas,2020,U.S. Census Bureau,2020 Decennial Census PL 94-171,P4,Population 18 years and over,Place,4823164,El Lago city,2407,331,2076,1837,55,12,44,0,22,106
Texas,2020,U.S. Census Bureau,2020 Decennial Census PL 94-171,P4,Population 18 years and over,Place,4823278,El Mesquite CDP,36,33,3,2,0,0,0,0,0,1
Texas,2020,U.S. Census Bureau,2020 Decennial Census PL 94-171,P4,Population 18 years and over,Place,4824000,El Paso city,512778,409605,103173,69709,16489,1312,7561,827,1323,5952
Texas,2020,U.S. Census Bureau,2020 Decennial Census PL 94-171,P4,Population 18 years and over,Place,4824013,El Quiote CDP,158,155,3,2,0,0,0,0,0,1
Texas,2020,U.S. Census Bureau,2020 Decennial Census PL 94-171,P4,Population 18 years and over,Place,4824015,El Rancho Vela CDP,180,180,0,0,0,0,0,0,0,0
Texas,2020,U.S. Census Bureau,2020 Decennial Census PL 94-171,P4,Population 18 years and over,Place,4824018,El Refugio CDP,300,296,4,4,0,0,0,0,0,0
Texas,2020,U.S. Census Bureau,2020 Decennial Census PL 94-171,P4,Population 18 years and over,Place,4824055,El Socio CDP,76,75,1,0,0,0,0,0,0,1
Texas,2020,U.S. Census Bureau,2020 Decennial Census PL 94-171,P4,Population 18 years and over,Place,4822840,Elbert CDP,19,1,18,16,0,0,1,0,0,1
Texas,2020,U.S. Census Bureau,2020 Decennial Census PL 94-171,P4,Population 18 years and over,Place,4822960,Eldorado city,1158,715,443,403,15,3,6,0,5,11
Texas,2020,U.S. Census Bureau,2020 Decennial Census PL 94-171,P4,Population 18 years and over,Place,4822984,Electra city,1785,190,1595,1414,79,12,8,0,4,78
Texas,2020,U.S. Census Bureau,2020 Decennial Census PL 94-171,P4,Population 18 years and over,Place,4823044,Elgin city,7113,3139,3974,2545,1144,10,41,0,19,215
Texas,2020,U.S. Census Bureau,2020 Decennial Census PL 94-171,P4,Population 18 years and over,Place,4823062,Elias-Fela Solis CDP,16,16,0,0,0,0,0,0,0,0
Texas,2020,U.S. Census Bureau,2020 Decennial Census PL 94-171,P4,Population 18 years and over,Place,4823140,Elkhart town,943,75,868,726,96,5,5,2,3,31
Texas,2020,U.S. Census Bureau,2020 Decennial Census PL 94-171,P4,Population 18 years and over,Place,4823254,Elm Creek CDP,1976,1946,30,23,0,2,0,0,4,1
Texas,2020,U.S. Census Bureau,2020 Decennial Census PL 94-171,P4,Population 18 years and over,Place,4823272,Elmendorf city,1376,853,523,459,5,4,5,0,11,39
Texas,2020,U.S. Census Bureau,2020 Decennial Census PL 94-171,P4,Population 18 years and over,Place,4823356,Elmo CDP,616,117,499,441,21,4,0,0,0,33
Texas,2020,U.S. Census Bureau,2020 Decennial Census PL 94-171,P4,Population 18 years and over,Place,4824036,Elsa city,3890,3754,136,92,5,5,6,0,5,23
Texas,2020,U.S. Census Bureau,2020 Decennial Census PL 94-171,P4,Population 18 years and over,Place,4824158,Emerald Bay CDP,1033,10,1023,980,9,5,9,0,0,20
Texas,2020,U.S. Census Bureau,2020 Decennial Census PL 94-171,P4,Population 18 years and over,Place,4824168,Emhouse town,131,47,84,77,0,0,2,0,0,5
Texas,2020,U.S. Census Bureau,2020 Decennial Census PL 94-171,P4,Population 18 years and over,Place,4824216,Emory city,930,87,843,736,47,4,7,0,2,47
Texas,2020,U.S. Census Bureau,2020 Decennial Census PL 94-171,P4,Population 18 years and over,Place,4824223,Encantada-Ranchito-El Calaboz CDP,1397,1349,48,34,7,0,1,0,6,0
Texas,2020,U.S. Census Bureau,2020 Decennial Census PL 94-171,P4,Population 18 years and over,Place,4824228,Enchanted Oaks town,317,16,301,285,0,1,1,0,0,14
Texas,2020,U.S. Census Bureau,2020 Decennial Census PL 94-171,P4,Population 18 years and over,Place,4824240,Encinal city,408,379,29,24,0,1,0,0,0,4
Texas,2020,U.S. Census Bureau,2020 Decennial Census PL 94-171,P4,Population 18 years and over,Place,4824252,Encino CDP,92,79,13,9,0,1,0,0,0,3
Texas,2020,U.S. Census Bureau,2020 Decennial Census PL 94-171,P4,Population 18 years and over,Place,4824348,Ennis city,14437,5608,8829,6352,1976,22,71,54,28,326
Texas,2020,U.S. Census Bureau,2020 Decennial Census PL 94-171,P4,Population 18 years and over,Place,4824552,Escobares city,1824,1803,21,19,0,0,0,0,0,2
Texas,2020,U.S. Census Bureau,2020 Decennial Census PL 94-171,P4,Population 18 years and over,Place,4824636,Estelline town,94,36,58,45,11,0,0,0,0,2
Texas,2020,U.S. Census Bureau,2020 Decennial Census PL 94-171,P4,Population 18 years and over,Place,4824738,Eugenio Saenz CDP,127,124,3,2,0,0,0,0,1,0
Texas,2020,U.S. Census Bureau,2020 Decennial Census PL 94-171,P4,Population 18 years and over,Place,4824768,Euless city,47069,8749,38320,21594,6837,134,6899,814,300,1742
Texas,2020,U.S. Census Bureau,2020 Decennial Census PL 94-171,P4,Population 18 years and over,Place,4824816,Eureka city,260,21,239,223,1,0,0,0,0,15
Texas,2020,U.S. Census Bureau,2020 Decennial Census PL 94-171,P4,Population 18 years and over,Place,4824828,Eustace city,851,46,805,748,15,3,0,2,0,37
Texas,2020,U.S. Census Bureau,2020 Decennial Census PL 94-171,P4,Population 18 years and over,Place,4824840,Evadale CDP,960,31,929,892,4,0,3,0,0,30
Texas,2020,U.S. Census Bureau,2020 Decennial Census PL 94-171,P4,Population 18 years and over,Place,4824864,Evant town,328,83,245,227,0,1,1,0,0,16
Texas,2020,U.S. Census Bureau,2020 Decennial Census PL 94-171,P4,Population 18 years and over,Place,4824894,Evergreen CDP,64,61,3,2,0,0,0,0,0,1
Texas,2020,U.S. Census Bureau,2020 Decennial Census PL 94-171,P4,Population 18 years and over,Place,4824912,Everman city,4342,2313,2029,994,903,8,26,0,7,91
Texas,2020,U.S. Census Bureau,2020 Decennial Census PL 94-171,P4,Population 18 years and over,Place,4825032,Fabens CDP,5437,5301,136,111,5,0,0,0,6,14
Texas,2020,U.S. Census Bureau,2020 Decennial Census PL 94-171,P4,Population 18 years and over,Place,4825038,Fabrica CDP,563,548,15,12,0,1,1,0,1,0
Texas,2020,U.S. Census Bureau,2020 Decennial Census PL 94-171,P4,Population 18 years and over,Place,4825168,Fair Oaks Ranch city,7530,1138,6392,5838,132,13,123,4,39,243
Texas,2020,U.S. Census Bureau,2020 Decennial Census PL 94-171,P4,Population 18 years and over,Place,4825068,Fairchilds village,646,210,436,394,5,0,9,0,10,18
Texas,2020,U.S. Census Bureau,2020 Decennial Census PL 94-171,P4,Population 18 years and over,Place,4825104,Fairfield city,2174,249,1925,1373,455,6,20,0,9,62
Texas,2020,U.S. Census Bureau,2020 Decennial Census PL 94-171,P4,Population 18 years and over,Place,4825224,Fairview town,8307,533,7774,6320,504,30,600,4,35,281
Texas,2020,U.S. Census Bureau,2020 Decennial Census PL 94-171,P4,Population 18 years and over,Place,4825344,Falcon Heights CDP,18,17,1,1,0,0,0,0,0,0
Texas,2020,U.S. Census Bureau,2020 Decennial Census PL 94-171,P4,Population 18 years and over,Place,4825348,Falcon Lake Estates CDP,662,568,94,89,0,1,0,0,3,1
Texas,2020,U.S. Census Bureau,2020 Decennial Census PL 94-171,P4,Population 18 years and over,Place,4825352,Falcon Mesa CDP,383,248,135,133,1,0,0,0,0,1
Texas,2020,U.S. Census Bureau,2020 Decennial Census PL 94-171,P4,Population 18 years and over,Place,4825356,Falcon Village CDP,1,1,0,0,0,0,0,0,0,0
Texas,2020,U.S. Census Bureau,2020 Decennial Census PL 94-171,P4,Population 18 years and over,Place,4825338,Falconaire CDP,73,72,1,0,0,0,0,0,0,1
Texas,2020,U.S. Census Bureau,2020 Decennial Census PL 94-171,P4,Population 18 years and over,Place,4825368,Falfurrias city,3318,3049,269,219,6,3,22,0,3,16
Texas,2020,U.S. Census Bureau,2020 Decennial Census PL 94-171,P4,Population 18 years and over,Place,4825392,Falls City city,373,95,278,266,1,0,0,0,0,11
Texas,2020,U.S. Census Bureau,2020 Decennial Census PL 94-171,P4,Population 18 years and over,Place,4825397,Falman CDP,50,14,36,32,0,0,1,0,1,2
Texas,2020,U.S. Census Bureau,2020 Decennial Census PL 94-171,P4,Population 18 years and over,Place,4825404,Fannett CDP,1839,170,1669,1432,119,1,61,3,2,51
Texas,2020,U.S. Census Bureau,2020 Decennial Census PL 94-171,P4,Population 18 years and over,Place,4825452,Farmers Branch city,29224,11388,17836,11565,2494,92,2748,8,151,778
Texas,2020,U.S. Census Bureau,2020 Decennial Census PL 94-171,P4,Population 18 years and over,Place,4825488,Farmersville city,2617,631,1986,1661,190,3,15,2,8,107
Texas,2020,U.S. Census Bureau,2020 Decennial Census PL 94-171,P4,Population 18 years and over,Place,4825512,Farnsworth CDP,70,17,53,45,0,0,0,0,0,8
Texas,2020,U.S. Census Bureau,2020 Decennial Census PL 94-171,P4,Population 18 years and over,Place,4825548,Farwell city,1101,452,649,629,9,1,3,0,0,7
Texas,2020,U.S. Census Bureau,2020 Decennial Census PL 94-171,P4,Population 18 years and over,Place,4825572,Fate city,12065,2357,9708,7589,1135,69,409,12,36,458
Texas,2020,U.S. Census Bureau,2020 Decennial Census PL 94-171,P4,Population 18 years and over,Place,4825644,Fayetteville city,216,7,209,197,2,0,0,0,0,10
Texas,2020,U.S. Census Bureau,2020 Decennial Census PL 94-171,P4,Population 18 years and over,Place,4825744,Fernando Salinas CDP,14,10,4,2,0,0,0,0,0,2
Texas,2020,U.S. Census Bureau,2020 Decennial Census PL 94-171,P4,Population 18 years and over,Place,4825752,Ferris city,2035,880,1155,730,362,0,8,1,5,49
Texas,2020,U.S. Census Bureau,2020 Decennial Census PL 94-171,P4,Population 18 years and over,Place,4825795,Fifth Street CDP,1531,1452,79,30,33,3,5,0,4,4
Texas,2020,U.S. Census Bureau,2020 Decennial Census PL 94-171,P4,Population 18 years and over,Place,4826004,Flat CDP,119,7,112,106,3,1,0,0,0,2
Texas,2020,U.S. Census Bureau,2020 Decennial Census PL 94-171,P4,Population 18 years and over,Place,4826028,Flatonia town,976,460,516,442,47,4,7,0,1,15
Texas,2020,U.S. Census Bureau,2020 Decennial Census PL 94-171,P4,Population 18 years and over,Place,4826130,Flor del Rio CDP,72,72,0,0,0,0,0,0,0,0
Texas,2020,U.S. Census Bureau,2020 Decennial Census PL 94-171,P4,Population 18 years and over,Place,4826136,Florence city,839,382,457,412,9,6,6,1,2,21
Texas,2020,U.S. Census Bureau,2020 Decennial Census PL 94-171,P4,Population 18 years and over,Place,4826160,Floresville city,5350,3196,2154,1919,87,9,34,0,17,88
Texas,2020,U.S. Census Bureau,2020 Decennial Census PL 94-171,P4,Population 18 years and over,Place,4826220,Flowella CDP,79,79,0,0,0,0,0,0,0,0
Texas,2020,U.S. Census Bureau,2020 Decennial Census PL 94-171,P4,Population 18 years and over,Place,4826232,Flower Mound town,55819,5512,50307,38685,1956,206,7224,15,210,2011
Texas,2020,U.S. Census Bureau,2020 Decennial Census PL 94-171,P4,Population 18 years and over,Place,4826268,Floydada city,1894,1130,764,674,55,3,2,0,3,27
Texas,2020,U.S. Census Bureau,2020 Decennial Census PL 94-171,P4,Population 18 years and over,Place,4826280,Fluvanna CDP,62,24,38,33,0,1,0,0,0,4
Texas,2020,U.S. Census Bureau,2020 Decennial Census PL 94-171,P4,Population 18 years and over,Place,4826328,Follett city,286,62,224,201,0,1,1,0,0,21
Texas,2020,U.S. Census Bureau,2020 Decennial Census PL 94-171,P4,Population 18 years and over,Place,4826516,Forest Heights CDP,1028,51,977,901,9,13,5,0,0,49
Texas,2020,U.S. Census Bureau,2020 Decennial Census PL 94-171,P4,Population 18 years and over,Place,4826544,Forest Hill city,10044,4433,5611,1070,4256,7,129,0,21,128
Texas,2020,U.S. Census Bureau,2020 Decennial Census PL 94-171,P4,Population 18 years and over,Place,4826604,Forney city,16167,2963,13204,9298,2708,87,406,15,34,656
Texas,2020,U.S. Census Bureau,2020 Decennial Census PL 94-171,P4,Population 18 years and over,Place,4826640,Forsan city,156,27,129,121,0,2,0,0,0,6
Texas,2020,U.S. Census Bureau,2020 Decennial Census PL 94-171,P4,Population 18 years and over,Place,4826664,Fort Bliss CDP,7607,1906,5701,3308,988,148,678,139,33,407
Texas,2020,U.S. Census Bureau,2020 Decennial Census PL 94-171,P4,Population 18 years and over,Place,4826680,Fort Clark Springs CDP,1016,237,779,709,4,15,9,0,8,34
Texas,2020,U.S. Census Bureau,2020 Decennial Census PL 94-171,P4,Population 18 years and over,Place,4826688,Fort Davis CDP,836,330,506,479,0,4,5,0,4,14
Texas,2020,U.S. Census Bureau,2020 Decennial Census PL 94-171,P4,Population 18 years and over,Place,4826724,Fort Hancock CDP,750,722,28,27,0,0,0,0,0,1
Texas,2020,U.S. Census Bureau,2020 Decennial Census PL 94-171,P4,Population 18 years and over,Place,4826736,Fort Hood CDP,20292,4714,15578,10201,3039,132,858,210,50,1088
Texas,2020,U.S. Census Bureau,2020 Decennial Census PL 94-171,P4,Population 18 years and over,Place,4826808,Fort Stockton city,6353,4622,1731,1342,237,7,63,0,13,69
Texas,2020,U.S. Census Bureau,2020 Decennial Census PL 94-171,P4,Population 18 years and over,Place,4827000,Fort Worth city,671893,213191,458702,270836,127352,2303,35794,689,2371,19357
Texas,2020,U.S. Census Bureau,2020 Decennial Census PL 94-171,P4,Population 18 years and over,Place,4827102,Four Corners CDP,9028,2413,6615,681,2520,28,3221,1,42,122
Texas,2020,U.S. Census Bureau,2020 Decennial Census PL 94-171,P4,Population 18 years and over,Place,4827124,Four Points CDP,7,6,1,1,0,0,0,0,0,0
Texas,2020,U.S. Census Bureau,2020 Decennial Census PL 94-171,P4,Population 18 years and over,Place,4827144,Fowlerton CDP,53,22,31,30,0,1,0,0,0,0
Texas,2020,U.S. Census Bureau,2020 Decennial Census PL 94-171,P4,Population 18 years and over,Place,4827288,Franklin city,1229,131,1098,842,211,0,10,0,0,35
Texas,2020,U.S. Census Bureau,2020 Decennial Census PL 94-171,P4,Population 18 years and over,Place,4827300,Frankston town,871,34,837,686,105,5,4,1,0,36
Texas,2020,U.S. Census Bureau,2020 Decennial Census PL 94-171,P4,Population 18 years and over,Place,4827348,Fredericksburg city,8876,1734,7142,6742,39,30,86,0,23,222
Texas,2020,U.S. Census Bureau,2020 Decennial Census PL 94-171,P4,Population 18 years and over,Place,4827420,Freeport city,7729,4693,3036,1973,840,20,36,0,20,147
Texas,2020,U.S. Census Bureau,2020 Decennial Census PL 94-171,P4,Population 18 years and over,Place,4827432,Freer city,1778,1413,365,263,4,4,23,0,1,70
Texas,2020,U.S. Census Bureau,2020 Decennial Census PL 94-171,P4,Population 18 years and over,Place,4827540,Fresno CDP,17144,5952,11192,754,9768,26,248,9,59,328
Texas,2020,U.S. Census Bureau,2020 Decennial Census PL 94-171,P4,Population 18 years and over,Place,4827648,Friendswood city,30611,4511,26100,22006,1066,73,1932,26,76,921
Texas,2020,U.S. Census Bureau,2020 Decennial Census PL 94-171,P4,Population 18 years and over,Place,4827660,Friona city,2905,2240,665,601,21,1,7,0,13,22
Texas,2020,U.S. Census Bureau,2020 Decennial Census PL 94-171,P4,Population 18 years and over,Place,4827684,Frisco city,141216,15156,126060,72863,12600,416,34478,81,649,4973
Texas,2020,U.S. Census Bureau,2020 Decennial Census PL 94-171,P4,Population 18 years and over,Place,4827696,Fritch city,1440,87,1353,1252,7,20,1,0,3,70
Texas,2020,U.S. Census Bureau,2020 Decennial Census PL 94-171,P4,Population 18 years and over,Place,4827744,Fronton CDP,125,125,0,0,0,0,0,0,0,0
Texas,2020,U.S. Census Bureau,2020 Decennial Census PL 94-171,P4,Population 18 years and over,Place,4827748,Fronton Ranchettes CDP,121,116,5,5,0,0,0,0,0,0
Texas,2020,U.S. Census Bureau,2020 Decennial Census PL 94-171,P4,Population 18 years and over,Place,4827768,Frost city,426,120,306,270,18,3,1,0,0,14
Texas,2020,U.S. Census Bureau,2020 Decennial Census PL 94-171,P4,Population 18 years and over,Place,4827804,Fruitvale city,360,40,320,305,4,5,1,0,1,4
Texas,2020,U.S. Census Bureau,2020 Decennial Census PL 94-171,P4,Population 18 years and over,Place,4827876,Fulshear city,10762,2022,8740,6183,697,20,1472,0,37,331
Texas,2020,U.S. Census Bureau,2020 Decennial Census PL 94-171,P4,Population 18 years and over,Place,4827888,Fulton town,1352,171,1181,1017,3,7,81,0,11,62
Texas,2020,U.S. Census Bureau,2020 Decennial Census PL 94-171,P4,Population 18 years and over,Place,4827972,Gail CDP,179,24,155,155,0,0,0,0,0,0
Texas,2020,U.S. Census Bureau,2020 Decennial Census PL 94-171,P4,Population 18 years and over,Place,4827984,Gainesville city,12661,3549,9112,7575,774,98,180,6,30,449
Texas,2020,U.S. Census Bureau,2020 Decennial Census PL 94-171,P4,Population 18 years and over,Place,4827996,Galena Park city,7559,6256,1303,731,485,11,8,2,20,46
Texas,2020,U.S. Census Bureau,2020 Decennial Census PL 94-171,P4,Population 18 years and over,Place,4828008,Gallatin city,247,41,206,191,1,3,0,0,1,10
Texas,2020,U.S. Census Bureau,2020 Decennial Census PL 94-171,P4,Population 18 years and over,Place,4828068,Galveston city,44284,11648,32636,22818,6766,171,1471,30,154,1226
Texas,2020,U.S. Census Bureau,2020 Decennial Census PL 94-171,P4,Population 18 years and over,Place,4828080,Ganado city,1472,758,714,633,38,6,6,0,8,23
Texas,2020,U.S. Census Bureau,2020 Decennial Census PL 94-171,P4,Population 18 years and over,Place,4828128,Garceno CDP,297,289,8,8,0,0,0,0,0,0
Texas,2020,U.S. Census Bureau,2020 Decennial Census PL 94-171,P4,Population 18 years and over,Place,4828152,Garciasville CDP,27,27,0,0,0,0,0,0,0,0
Texas,2020,U.S. Census Bureau,2020 Decennial Census PL 94-171,P4,Population 18 years and over,Place,4828176,Garden City CDP,236,113,123,122,1,0,0,0,0,0
Texas,2020,U.S. Census Bureau,2020 Decennial Census PL 94-171,P4,Population 18 years and over,Place,4828248,Garden Ridge city,3353,619,2734,2124,331,11,104,7,15,142
Texas,2020,U.S. Census Bureau,2020 Decennial Census PL 94-171,P4,Population 18 years and over,Place,4828200,Gardendale CDP,1492,360,1132,1067,14,3,7,0,7,34
Texas,2020,U.S. Census Bureau,2020 Decennial Census PL 94-171,P4,Population 18 years and over,Place,4828320,Garfield CDP,1344,675,669,580,36,10,3,1,5,34
Texas,2020,U.S. Census Bureau,2020 Decennial Census PL 94-171,P4,Population 18 years and over,Place,4829000,Garland city,184726,70978,113748,58176,26786,497,23145,64,675,4405
Texas,2020,U.S. Census Bureau,2020 Decennial Census PL 94-171,P4,Population 18 years and over,Place,4829012,Garner CDP,307,24,283,278,0,0,1,0,0,4
Texas,2020,U.S. Census Bureau,2020 Decennial Census PL 94-171,P4,Population 18 years and over,Place,4829036,Garrett town,556,335,221,193,15,1,1,0,0,11
Texas,2020,U.S. Census Bureau,2020 Decennial Census PL 94-171,P4,Population 18 years and over,Place,4829060,Garrison city,589,51,538,364,149,0,3,0,0,22
Texas,2020,U.S. Census Bureau,2020 Decennial Census PL 94-171,P4,Population 18 years and over,Place,4829096,Garwood CDP,346,106,240,197,40,0,2,0,0,1
Texas,2020,U.S. Census Bureau,2020 Decennial Census PL 94-171,P4,Population 18 years and over,Place,4829108,Gary City town,226,8,218,192,1,4,1,0,0,20
Texas,2020,U.S. Census Bureau,2020 Decennial Census PL 94-171,P4,Population 18 years and over,Place,4829114,Garza-Salinas II CDP,473,463,10,9,1,0,0,0,0,0
Texas,2020,U.S. Census Bureau,2020 Decennial Census PL 94-171,P4,Population 18 years and over,Place,4829168,Gatesville city,13919,3023,10896,8007,2463,39,89,8,17,273
Texas,2020,U.S. Census Bureau,2020 Decennial Census PL 94-171,P4,Population 18 years and over,Place,4829216,Gause CDP,203,19,184,162,14,2,0,0,0,6
Texas,2020,U.S. Census Bureau,2020 Decennial Census PL 94-171,P4,Population 18 years and over,Place,4829348,George West city,1685,995,690,651,6,6,11,0,2,14
Texas,2020,U.S. Census Bureau,2020 Decennial Census PL 94-171,P4,Population 18 years and over,Place,4829336,Georgetown city,54753,9872,44881,39611,2240,148,1120,37,170,1555
Texas,2020,U.S. Census Bureau,2020 Decennial Census PL 94-171,P4,Population 18 years and over,Place,4829384,Geronimo CDP,817,368,449,393,23,4,0,1,1,27
Texas,2020,U.S. Census Bureau,2020 Decennial Census PL 94-171,P4,Population 18 years and over,Place,4829408,Gholson city,985,105,880,819,14,5,4,0,10,28
Texas,2020,U.S. Census Bureau,2020 Decennial Census PL 94-171,P4,Population 18 years and over,Place,4829432,Giddings city,3618,1473,2145,1542,475,10,23,0,6,89
Texas,2020,U.S. Census Bureau,2020 Decennial Census PL 94-171,P4,Population 18 years and over,Place,4829564,Gilmer city,3649,325,3324,2584,561,18,30,3,7,121
Texas,2020,U.S. Census Bureau,2020 Decennial Census PL 94-171,P4,Population 18 years and over,Place,4829612,Girard CDP,41,10,31,30,0,0,0,0,0,1
Texas,2020,U.S. Census Bureau,2020 Decennial Census PL 94-171,P4,Population 18 years and over,Place,4829660,Gladewater city,4647,363,4284,3161,846,28,43,3,0,203
Texas,2020,U.S. Census Bureau,2020 Decennial Census PL 94-171,P4,Population 18 years and over,Place,4829732,Glazier CDP,47,3,44,44,0,0,0,0,0,0
Texas,2020,U.S. Census Bureau,2020 Decennial Census PL 94-171,P4,Population 18 years and over,Place,4829876,Glen Rose city,1976,315,1661,1519,6,19,26,0,9,82
Texas,2020,U.S. Census Bureau,2020 Decennial Census PL 94-171,P4,Population 18 years and over,Place,4829840,Glenn Heights city,11002,2661,8341,1891,6058,25,62,1,46,258
Texas,2020,U.S. Census Bureau,2020 Decennial Census PL 94-171,P4,Population 18 years and over,Place,4829912,Glidden CDP,511,231,280,212,55,0,1,0,0,12
Texas,2020,U.S. Census Bureau,2020 Decennial Census PL 94-171,P4,Population 18 years and over,Place,4829972,Godley city,1005,98,907,821,26,11,3,1,1,44
Texas,2020,U.S. Census Bureau,2020 Decennial Census PL 94-171,P4,Population 18 years and over,Place,4830044,Goldsmith city,179,18,161,153,0,3,0,0,0,5
Texas,2020,U.S. Census Bureau,2020 Decennial Census PL 94-171,P4,Population 18 years and over,Place,4830056,Goldthwaite city,1365,308,1057,1000,3,7,2,0,1,44
Texas,2020,U.S. Census Bureau,2020 Decennial Census PL 94-171,P4,Population 18 years and over,Place,4830080,Goliad city,1269,626,643,540,71,4,6,0,0,22
Texas,2020,U.S. Census Bureau,2020 Decennial Census PL 94-171,P4,Population 18 years and over,Place,4830092,Golinda city,487,77,410,314,79,1,0,3,2,11
Texas,2020,U.S. Census Bureau,2020 Decennial Census PL 94-171,P4,Population 18 years and over,Place,4830116,Gonzales city,5238,2779,2459,1832,499,23,29,0,9,67
Texas,2020,U.S. Census Bureau,2020 Decennial Census PL 94-171,P4,Population 18 years and over,Place,4830188,Goodlow city,136,4,132,23,102,1,0,0,1,5
Texas,2020,U.S. Census Bureau,2020 Decennial Census PL 94-171,P4,Population 18 years and over,Place,4830224,Goodrich city,176,40,136,95,28,0,0,0,0,13
Texas,2020,U.S. Census Bureau,2020 Decennial Census PL 94-171,P4,Population 18 years and over,Place,4830272,Gordon city,371,24,347,317,0,1,2,0,2,25
Texas,2020,U.S. Census Bureau,2020 Decennial Census PL 94-171,P4,Population 18 years and over,Place,4830296,Goree city,119,34,85,70,7,0,0,0,2,6
Texas,2020,U.S. Census Bureau,2020 Decennial Census PL 94-171,P4,Population 18 years and over,Place,4830308,Gorman city,728,266,462,435,2,2,1,3,0,19
Texas,2020,U.S. Census Bureau,2020 Decennial Census PL 94-171,P4,Population 18 years and over,Place,4830380,Graford city,485,80,405,380,0,1,0,0,0,24
Texas,2020,U.S. Census Bureau,2020 Decennial Census PL 94-171,P4,Population 18 years and over,Place,4830392,Graham city,6494,1341,5153,4848,49,30,32,0,12,182
Texas,2020,U.S. Census Bureau,2020 Decennial Census PL 94-171,P4,Population 18 years and over,Place,4830416,Granbury city,9044,716,8328,7763,64,48,139,6,18,290
Texas,2020,U.S. Census Bureau,2020 Decennial Census PL 94-171,P4,Population 18 years and over,Place,4830464,Grand Prairie city,142774,59882,82892,33268,33728,542,11342,138,522,3352
Texas,2020,U.S. Census Bureau,2020 Decennial Census PL 94-171,P4,Population 18 years and over,Place,4830476,Grand Saline city,2262,444,1818,1728,9,10,6,1,0,64
Texas,2020,U.S. Census Bureau,2020 Decennial Census PL 94-171,P4,Population 18 years and over,Place,4830440,Grandfalls town,243,130,113,102,6,0,0,0,0,5
Texas,2020,U.S. Census Bureau,2020 Decennial Census PL 94-171,P4,Population 18 years and over,Place,4830512,Grandview city,1329,180,1149,1007,63,3,14,1,0,61
Texas,2020,U.S. Census Bureau,2020 Decennial Census PL 94-171,P4,Population 18 years and over,Place,4830548,Granger city,912,298,614,509,72,0,1,2,6,24
Texas,2020,U.S. Census Bureau,2020 Decennial Census PL 94-171,P4,Population 18 years and over,Place,4830560,Grangerland CDP,583,104,479,454,0,1,3,0,0,21
Texas,2020,U.S. Census Bureau,2020 Decennial Census PL 94-171,P4,Population 18 years and over,Place,4830584,Granite Shoals city,3801,1707,2094,1911,21,14,18,0,11,119
Texas,2020,U.S. Census Bureau,2020 Decennial Census PL 94-171,P4,Population 18 years and over,Place,4830608,Granjeno city,213,206,7,3,0,2,0,1,1,0
Texas,2020,U.S. Census Bureau,2020 Decennial Census PL 94-171,P4,Population 18 years and over,Place,4830629,Grape Creek CDP,2734,649,2085,1920,25,18,5,1,12,104
Texas,2020,U.S. Census Bureau,2020 Decennial Census PL 94-171,P4,Population 18 years and over,Place,4830632,Grapeland city,1133,42,1091,656,384,4,9,0,3,35
Texas,2020,U.S. Census Bureau,2020 Decennial Census PL 94-171,P4,Population 18 years and over,Place,4830644,Grapevine city,39993,6950,33043,27158,1733,153,2440,52,132,1375
Texas,2020,U.S. Census Bureau,2020 Decennial Census PL 94-171,P4,Population 18 years and over,Place,4830752,Grays Prairie village,262,30,232,208,8,0,1,0,0,15
Texas,2020,U.S. Census Bureau,2020 Decennial Census PL 94-171,P4,Population 18 years and over,Place,4830890,Green Valley Farms CDP,464,446,18,17,0,0,0,0,1,0
Texas,2020,U.S. Census Bureau,2020 Decennial Census PL 94-171,P4,Population 18 years and over,Place,4830920,Greenville city,20906,4961,15945,11796,2918,118,293,28,66,726
Texas,2020,U.S. Census Bureau,2020 Decennial Census PL 94-171,P4,Population 18 years and over,Place,4831064,Gregory city,1271,1140,131,108,7,2,5,0,3,6
Texas,2020,U.S. Census Bureau,2020 Decennial Census PL 94-171,P4,Population 18 years and over,Place,4831100,Grey Forest city,419,74,345,324,2,1,6,0,1,11
Texas,2020,U.S. Census Bureau,2020 Decennial Census PL 94-171,P4,Population 18 years and over,Place,4831280,Groesbeck city,2731,543,2188,1553,537,8,23,0,6,61
Texas,2020,U.S. Census Bureau,2020 Decennial Census PL 94-171,P4,Population 18 years and over,Place,4831292,Groom town,421,23,398,377,0,3,3,0,0,15
Texas,2020,U.S. Census Bureau,2020 Decennial Census PL 94-171,P4,Population 18 years and over,Place,4831328,Groves city,12937,3309,9628,8092,764,36,452,1,19,264
Texas,2020,U.S. Census Bureau,2020 Decennial Census PL 94-171,P4,Population 18 years and over,Place,4831340,Groveton city,701,74,627,496,122,1,0,1,0,7
Texas,2020,U.S. Census Bureau,2020 Decennial Census PL 94-171,P4,Population 18 years and over,Place,4831412,Gruver city,806,336,470,455,1,3,0,0,3,8
Texas,2020,U.S. Census Bureau,2020 Decennial Census PL 94-171,P4,Population 18 years and over,Place,4831442,Guadalupe Guerra CDP,33,33,0,0,0,0,0,0,0,0
Texas,2020,U.S. Census Bureau,2020 Decennial Census PL 94-171,P4,Population 18 years and over,Place,4831484,Guerra CDP,2,2,0,0,0,0,0,0,0,0
Texas,2020,U.S. Census Bureau,2020 Decennial Census PL 94-171,P4,Population 18 years and over,Place,4831592,Gun Barrel City city,4877,412,4465,4150,63,33,28,2,12,177
Texas,2020,U.S. Census Bureau,2020 Decennial Census PL 94-171,P4,Population 18 years and over,Place,4831616,Gunter city,1385,284,1101,991,19,15,11,0,4,61
Texas,2020,U.S. Census Bureau,2020 Decennial Census PL 94-171,P4,Population 18 years and over,Place,4831628,Gustine town,295,109,186,174,3,0,0,0,1,8
Texas,2020,U.S. Census Bureau,2020 Decennial Census PL 94-171,P4,Population 18 years and over,Place,4831640,Guthrie CDP,105,6,99,98,0,0,0,1,0,0
Texas,2020,U.S. Census Bureau,2020 Decennial Census PL 94-171,P4,Population 18 years and over,Place,4831646,Gutierrez CDP,57,54,3,3,0,0,0,0,0,0
Texas,2020,U.S. Census Bureau,2020 Decennial Census PL 94-171,P4,Population 18 years and over,Place,4832910,H. Cuellar Estates CDP,8,7,1,0,0,0,0,0,0,1
Texas,2020,U.S. Census Bureau,2020 Decennial Census PL 94-171,P4,Population 18 years and over,Place,4831715,Hackberry town,2124,616,1508,765,354,7,311,1,13,57
Texas,2020,U.S. Census Bureau,2020 Decennial Census PL 94-171,P4,Population 18 years and over,Place,4831820,Hale Center city,1504,935,569,495,26,7,3,0,0,38
Texas,2020,U.S. Census Bureau,2020 Decennial Census PL 94-171,P4,Population 18 years and over,Place,4831868,Hallettsville city,2069,337,1732,1349,314,0,22,0,0,47
Texas,2020,U.S. Census Bureau,2020 Decennial Census PL 94-171,P4,Population 18 years and over,Place,4831880,Hallsburg city,308,24,284,258,7,2,0,1,0,16
Texas,2020,U.S. Census Bureau,2020 Decennial Census PL 94-171,P4,Population 18 years and over,Place,4831904,Hallsville city,2978,208,2770,2339,264,17,37,2,6,105
Texas,2020,U.S. Census Bureau,2020 Decennial Census PL 94-171,P4,Population 18 years and over,Place,4831928,Haltom City city,34195,14008,20187,13595,2486,126,2910,59,97,914
Texas,2020,U.S. Census Bureau,2020 Decennial Census PL 94-171,P4,Population 18 years and over,Place,4831952,Hamilton city,2233,270,1963,1886,7,9,9,1,6,45
Texas,2020,U.S. Census Bureau,2020 Decennial Census PL 94-171,P4,Population 18 years and over,Place,4831964,Hamlin city,1388,400,988,860,88,7,4,0,0,29
Texas,2020,U.S. Census Bureau,2020 Decennial Census PL 94-171,P4,Population 18 years and over,Place,4832012,Hamshire CDP,701,68,633,606,5,1,3,0,0,18
Texas,2020,U.S. Census Bureau,2020 Decennial Census PL 94-171,P4,Population 18 years and over,Place,4832156,Happy town,426,81,345,331,4,5,0,0,0,5
Texas,2020,U.S. Census Bureau,2020 Decennial Census PL 94-171,P4,Population 18 years and over,Place,4832240,Hardin city,578,63,515,485,11,1,2,0,0,16
Texas,2020,U.S. Census Bureau,2020 Decennial Census PL 94-171,P4,Population 18 years and over,Place,4832246,Harding Gill Tract CDP,16,16,0,0,0,0,0,0,0,0
Texas,2020,U.S. Census Bureau,2020 Decennial Census PL 94-171,P4,Population 18 years and over,Place,4832300,Hargill CDP,549,533,16,14,0,1,0,0,1,0
Texas,2020,U.S. Census Bureau,2020 Decennial Census PL 94-171,P4,Population 18 years and over,Place,4832312,Harker Heights city,23921,4681,19240,10749,5294,100,1218,306,126,1447
Texas,2020,U.S. Census Bureau,2020 Decennial Census PL 94-171,P4,Population 18 years and over,Place,4832372,Harlingen city,52044,40926,11118,9330,454,76,753,19,91,395
Texas,2020,U.S. Census Bureau,2020 Decennial Census PL 94-171,P4,Population 18 years and over,Place,4832456,Harper CDP,1052,132,920,884,1,7,0,1,3,24
Texas,2020,U.S. Census Bureau,2020 Decennial Census PL 94-171,P4,Population 18 years and over,Place,4832552,Harrold CDP,64,6,58,53,0,1,2,0,1,1
Texas,2020,U.S. Census Bureau,2020 Decennial Census PL 94-171,P4,Population 18 years and over,Place,4832576,Hart city,657,548,109,99,6,1,0,0,0,3
Texas,2020,U.S. Census Bureau,2020 Decennial Census PL 94-171,P4,Population 18 years and over,Place,4832612,Hartley CDP,262,79,183,181,0,0,1,0,0,1
Texas,2020,U.S. Census Bureau,2020 Decennial Census PL 94-171,P4,Population 18 years and over,Place,4832684,Harwood town,90,39,51,48,2,0,0,0,0,1
Texas,2020,U.S. Census Bureau,2020 Decennial Census PL 94-171,P4,Population 18 years and over,Place,4832696,Haskell city,2477,706,1771,1558,132,6,15,2,8,50
Texas,2020,U.S. Census Bureau,2020 Decennial Census PL 94-171,P4,Population 18 years and over,Place,4832720,Haslet city,1535,164,1371,1216,41,9,36,0,3,66
Texas,2020,U.S. Census Bureau,2020 Decennial Census PL 94-171,P4,Population 18 years and over,Place,4832792,Havana CDP,282,278,4,3,0,0,1,0,0,0
Texas,2020,U.S. Census Bureau,2020 Decennial Census PL 94-171,P4,Population 18 years and over,Place,4832810,Hawk Cove city,342,60,282,251,2,6,1,0,0,22
Texas,2020,U.S. Census Bureau,2020 Decennial Census PL 94-171,P4,Population 18 years and over,Place,4832816,Hawkins city,956,49,907,709,142,2,1,0,5,48
Texas,2020,U.S. Census Bureau,2020 Decennial Census PL 94-171,P4,Population 18 years and over,Place,4832840,Hawley city,419,16,403,380,0,3,0,0,0,20
Texas,2020,U.S. Census Bureau,2020 Decennial Census PL 94-171,P4,Population 18 years and over,Place,4832906,Hays city,180,31,149,132,0,0,3,0,2,12
Texas,2020,U.S. Census Bureau,2020 Decennial Census PL 94-171,P4,Population 18 years and over,Place,4832972,Hearne city,3241,1170,2071,732,1248,7,5,4,10,65
Texas,2020,U.S. Census Bureau,2020 Decennial Census PL 94-171,P4,Population 18 years and over,Place,4832978,Heartland CDP,5400,1242,4158,1848,1993,18,97,2,31,169
Texas,2020,U.S. Census Bureau,2020 Decennial Census PL 94-171,P4,Population 18 years and over,Place,4832984,Heath city,7252,552,6700,5937,237,37,188,2,42,257
Texas,2020,U.S. Census Bureau,2020 Decennial Census PL 94-171,P4,Population 18 years and over,Place,4833008,Hebbronville CDP,2957,2595,362,273,4,6,16,0,8,55
Texas,2020,U.S. Census Bureau,2020 Decennial Census PL 94-171,P4,Population 18 years and over,Place,4833020,Hebron town,599,32,567,171,31,4,343,0,5,13
Texas,2020,U.S. Census Bureau,2020 Decennial Census PL 94-171,P4,Population 18 years and over,Place,4833044,Hedley city,218,26,192,169,4,4,1,0,0,14
Texas,2020,U.S. Census Bureau,2020 Decennial Census PL 94-171,P4,Population 18 years and over,Place,4833068,Hedwig Village city,1736,217,1519,1178,29,10,243,0,8,51
Texas,2020,U.S. Census Bureau,2020 Decennial Census PL 94-171,P4,Population 18 years and over,Place,4833092,Heidelberg CDP,1055,1031,24,24,0,0,0,0,0,0
Texas,2020,U.S. Census Bureau,2020 Decennial Census PL 94-171,P4,Population 18 years and over,Place,4833146,Helotes city,6959,2644,4315,3494,229,10,325,3,18,236
Texas,2020,U.S. Census Bureau,2020 Decennial Census PL 94-171,P4,Population 18 years and over,Place,4833188,Hemphill city,813,50,763,635,83,3,15,0,2,25
Texas,2020,U.S. Census Bureau,2020 Decennial Census PL 94-171,P4,Population 18 years and over,Place,4833200,Hempstead city,3893,1516,2377,970,1317,6,23,3,9,49
Texas,2020,U.S. Census Bureau,2020 Decennial Census PL 94-171,P4,Population 18 years and over,Place,4833212,Henderson city,10420,2271,8149,5441,2403,18,72,2,24,189
Texas,2020,U.S. Census Bureau,2020 Decennial Census PL 94-171,P4,Population 18 years and over,Place,4833284,Henrietta city,2396,93,2303,2131,17,21,25,0,6,103
Texas,2020,U.S. Census Bureau,2020 Decennial Census PL 94-171,P4,Population 18 years and over,Place,4833320,Hereford city,10345,7805,2540,2295,71,34,22,0,35,83
Texas,2020,U.S. Census Bureau,2020 Decennial Census PL 94-171,P4,Population 18 years and over,Place,4833356,Hermleigh CDP,284,107,177,169,1,0,0,0,0,7
Texas,2020,U.S. Census Bureau,2020 Decennial Census PL 94-171,P4,Population 18 years and over,Place,4833428,Hewitt city,12506,1895,10611,8559,1199,55,408,12,35,343
Texas,2020,U.S. Census Bureau,2020 Decennial Census PL 94-171,P4,Population 18 years and over,Place,4833476,Hickory Creek town,3785,496,3289,2765,163,24,166,2,14,155
Texas,2020,U.S. Census Bureau,2020 Decennial Census PL 94-171,P4,Population 18 years and over,Place,4833548,Hico city,1016,140,876,803,5,7,8,1,1,51
Texas,2020,U.S. Census Bureau,2020 Decennial Census PL 94-171,P4,Population 18 years and over,Place,4833560,Hidalgo city,9794,9592,202,169,6,1,3,0,11,12
Texas,2020,U.S. Census Bureau,2020 Decennial Census PL 94-171,P4,Population 18 years and over,Place,4833578,Hideaway city,2777,84,2693,2583,10,8,16,0,4,72
Texas,2020,U.S. Census Bureau,2020 Decennial Census PL 94-171,P4,Population 18 years and over,Place,4833608,Higgins city,277,20,257,237,0,4,0,0,0,16
Texas,2020,U.S. Census Bureau,2020 Decennial Census PL 94-171,P4,Population 18 years and over,Place,4833794,Highland Haven city,388,19,369,353,0,2,0,0,0,14
Texas,2020,U.S. Census Bureau,2020 Decennial Census PL 94-171,P4,Population 18 years and over,Place,4833824,Highland Park town,6670,321,6349,5810,59,1,278,0,15,186
Texas,2020,U.S. Census Bureau,2020 Decennial Census PL 94-171,P4,Population 18 years and over,Place,4833848,Highland Village city,12032,989,11043,9731,325,33,539,0,48,367
Texas,2020,U.S. Census Bureau,2020 Decennial Census PL 94-171,P4,Population 18 years and over,Place,4833836,Highlands CDP,6465,2171,4294,3757,261,32,32,0,20,192
Texas,2020,U.S. Census Bureau,2020 Decennial Census PL 94-171,P4,Population 18 years and over,Place,4833968,Hill Country Village city,769,144,625,594,6,1,8,0,2,14
Texas,2020,U.S. Census Bureau,2020 Decennial Census PL 94-171,P4,Population 18 years and over,Place,4833980,Hillcrest village,570,73,497,473,0,2,3,0,3,16
Texas,2020,U.S. Census Bureau,2020 Decennial Census PL 94-171,P4,Population 18 years and over,Place,4834088,Hillsboro city,5956,2273,3683,2646,812,19,57,6,18,125
Texas,2020,U.S. Census Bureau,2020 Decennial Census PL 94-171,P4,Population 18 years and over,Place,4834105,Hillside Acres CDP,2,2,0,0,0,0,0,0,0,0
Texas,2020,U.S. Census Bureau,2020 Decennial Census PL 94-171,P4,Population 18 years and over,Place,4834130,Hilltop CDP (Frio County),266,254,12,10,0,0,1,0,0,1
Texas,2020,U.S. Census Bureau,2020 Decennial Census PL 94-171,P4,Population 18 years and over,Place,4834133,Hilltop CDP (Starr County),67,67,0,0,0,0,0,0,0,0
Texas,2020,U.S. Census Bureau,2020 Decennial Census PL 94-171,P4,Population 18 years and over,Place,4834136,Hilltop Lakes CDP,1122,32,1090,1021,12,6,3,0,2,46
Texas,2020,U.S. Census Bureau,2020 Decennial Census PL 94-171,P4,Population 18 years and over,Place,4834148,Hilshire Village city,613,57,556,468,13,3,55,0,0,17
Texas,2020,U.S. Census Bureau,2020 Decennial Census PL 94-171,P4,Population 18 years and over,Place,4834220,Hitchcock city,5510,1197,4313,2749,1314,21,39,5,10,175
Texas,2020,U.S. Census Bureau,2020 Decennial Census PL 94-171,P4,Population 18 years and over,Place,4834478,Holiday Beach CDP,482,77,405,380,0,4,2,4,0,15
Texas,2020,U.S. Census Bureau,2020 Decennial Census PL 94-171,P4,Population 18 years and over,Place,4834502,Holiday Lakes town,700,451,249,227,9,2,1,1,0,9
Texas,2020,U.S. Census Bureau,2020 Decennial Census PL 94-171,P4,Population 18 years and over,Place,4834508,Holland town,776,182,594,520,29,1,3,1,3,37
Texas,2020,U.S. Census Bureau,2020 Decennial Census PL 94-171,P4,Population 18 years and over,Place,4834532,Holliday city,1152,49,1103,1045,0,10,2,0,0,46
Texas,2020,U.S. Census Bureau,2020 Decennial Census PL 94-171,P4,Population 18 years and over,Place,4834586,Holly Lake Ranch CDP,2650,77,2573,2439,5,13,9,0,7,100
Texas,2020,U.S. Census Bureau,2020 Decennial Census PL 94-171,P4,Population 18 years and over,Place,4834628,Hollywood Park town,2526,506,2020,1884,17,4,28,1,10,76
Texas,2020,U.S. Census Bureau,2020 Decennial Census PL 94-171,P4,Population 18 years and over,Place,4834671,Homestead Meadows North CDP,3855,3331,524,447,29,6,6,3,6,27
Texas,2020,U.S. Census Bureau,2020 Decennial Census PL 94-171,P4,Population 18 years and over,Place,4834673,Homestead Meadows South CDP,5213,5065,148,120,9,1,9,0,5,4
Texas,2020,U.S. Census Bureau,2020 Decennial Census PL 94-171,P4,Population 18 years and over,Place,4834676,Hondo city,6600,3876,2724,1994,609,2,40,3,13,63
Texas,2020,U.S. Census Bureau,2020 Decennial Census PL 94-171,P4,Population 18 years and over,Place,4834700,Honey Grove city,1237,156,1081,836,154,20,3,0,6,62
Texas,2020,U.S. Census Bureau,2020 Decennial Census PL 94-171,P4,Population 18 years and over,Place,4834736,Hooks city,1889,149,1740,1355,266,9,14,0,0,96
Texas,2020,U.S. Census Bureau,2020 Decennial Census PL 94-171,P4,Population 18 years and over,Place,4834832,Horizon City city,14980,13342,1638,1205,226,24,46,10,32,95
Texas,2020,U.S. Census Bureau,2020 Decennial Census PL 94-171,P4,Population 18 years and over,Place,4834856,Hornsby Bend CDP,8460,4806,3654,1634,1605,17,159,5,30,204
Texas,2020,U.S. Census Bureau,2020 Decennial Census PL 94-171,P4,Population 18 years and over,Place,4834862,Horseshoe Bay city,3852,312,3540,3384,16,20,24,0,2,94
Texas,2020,U.S. Census Bureau,2020 Decennial Census PL 94-171,P4,Population 18 years and over,Place,4834865,Horseshoe Bend CDP,776,80,696,628,5,9,5,0,1,48
Texas,2020,U.S. Census Bureau,2020 Decennial Census PL 94-171,P4,Population 18 years and over,Place,4835000,Houston city,1760104,716178,1043926,466667,391893,2801,137277,690,8122,36476
Texas,2020,U.S. Census Bureau,2020 Decennial Census PL 94-171,P4,Population 18 years and over,Place,4835072,Howardwick city,313,15,298,273,0,5,0,0,0,20
Texas,2020,U.S. Census Bureau,2020 Decennial Census PL 94-171,P4,Population 18 years and over,Place,4835084,Howe town,2468,483,1985,1739,106,29,13,0,5,93
Texas,2020,U.S. Census Bureau,2020 Decennial Census PL 94-171,P4,Population 18 years and over,Place,4835180,Hubbard city,1035,78,957,698,201,9,5,0,2,42
Texas,2020,U.S. Census Bureau,2020 Decennial Census PL 94-171,P4,Population 18 years and over,Place,4835204,Huckabay CDP,201,25,176,164,0,2,1,0,0,9
Texas,2020,U.S. Census Bureau,2020 Decennial Census PL 94-171,P4,Population 18 years and over,Place,4835253,Hudson Bend CDP,3362,631,2731,2359,67,8,166,2,10,119
Texas,2020,U.S. Census Bureau,2020 Decennial Census PL 94-171,P4,Population 18 years and over,Place,4835254,Hudson Oaks city,1684,134,1550,1423,25,7,13,2,10,70
Texas,2020,U.S. Census Bureau,2020 Decennial Census PL 94-171,P4,Population 18 years and over,Place,4835228,Hudson city,3369,741,2628,2113,353,20,28,0,15,99
Texas,2020,U.S. Census Bureau,2020 Decennial Census PL 94-171,P4,Population 18 years and over,Place,4835300,Hughes Springs city,1158,73,1085,860,172,5,5,0,0,43
Texas,2020,U.S. Census Bureau,2020 Decennial Census PL 94-171,P4,Population 18 years and over,Place,4835324,Hull CDP,431,22,409,387,3,1,0,0,3,15
Texas,2020,U.S. Census Bureau,2020 Decennial Census PL 94-171,P4,Population 18 years and over,Place,4835348,Humble city,12448,4912,7536,3368,3229,27,366,178,55,313
Texas,2020,U.S. Census Bureau,2020 Decennial Census PL 94-171,P4,Population 18 years and over,Place,4835420,Hungerford CDP,313,96,217,99,107,2,1,0,2,6
Texas,2020,U.S. Census Bureau,2020 Decennial Census PL 94-171,P4,Population 18 years and over,Place,4835480,Hunters Creek Village city,3203,209,2994,2596,34,2,271,0,11,80
Texas,2020,U.S. Census Bureau,2020 Decennial Census PL 94-171,P4,Population 18 years and over,Place,4835492,Huntington city,1463,95,1368,1224,85,7,1,0,1,50
Texas,2020,U.S. Census Bureau,2020 Decennial Census PL 94-171,P4,Population 18 years and over,Place,4835528,Huntsville city,39878,9165,30713,19111,9640,125,862,33,191,751
Texas,2020,U.S. Census Bureau,2020 Decennial Census PL 94-171,P4,Population 18 years and over,Place,4835576,Hurst city,30963,6427,24536,19241,2733,157,947,161,92,1205
Texas,2020,U.S. Census Bureau,2020 Decennial Census PL 94-171,P4,Population 18 years and over,Place,4835612,Hutchins city,3918,1638,2280,692,1513,11,3,1,3,57
Texas,2020,U.S. Census Bureau,2020 Decennial Census PL 94-171,P4,Population 18 years and over,Place,4835624,Hutto city,18980,6157,12823,8916,2464,52,447,30,100,814
Texas,2020,U.S. Census Bureau,2020 Decennial Census PL 94-171,P4,Population 18 years and over,Place,4835636,Huxley city,294,9,285,276,0,0,0,0,0,9
Texas,2020,U.S. Census Bureau,2020 Decennial Census PL 94-171,P4,Population 18 years and over,Place,4835684,Iago CDP,114,42,72,56,11,3,1,0,0,1
Texas,2020,U.S. Census Bureau,2020 Decennial Census PL 94-171,P4,Population 18 years and over,Place,4835732,Idalou city,1562,661,901,873,7,0,0,0,0,21
Texas,2020,U.S. Census Bureau,2020 Decennial Census PL 94-171,P4,Population 18 years and over,Place,4835754,Iglesia Antigua CDP,306,298,8,8,0,0,0,0,0,0
Texas,2020,U.S. Census Bureau,2020 Decennial Census PL 94-171,P4,Population 18 years and over,Place,4835816,Impact town,15,3,12,11,0,0,0,1,0,0
Texas,2020,U.S. Census Bureau,2020 Decennial Census PL 94-171,P4,Population 18 years and over,Place,4835828,Imperial CDP,193,107,86,75,1,2,1,0,0,7
Texas,2020,U.S. Census Bureau,2020 Decennial Census PL 94-171,P4,Population 18 years and over,Place,4835915,Indian Hills CDP,1727,1668,59,55,0,0,0,0,2,2
Texas,2020,U.S. Census Bureau,2020 Decennial Census PL 94-171,P4,Population 18 years and over,Place,4835918,Indian Lake town,572,454,118,110,0,0,0,1,3,4
Texas,2020,U.S. Census Bureau,2020 Decennial Census PL 94-171,P4,Population 18 years and over,Place,4835954,Indian Springs CDP,699,32,667,603,6,26,1,0,0,31
Texas,2020,U.S. Census Bureau,2020 Decennial Census PL 94-171,P4,Population 18 years and over,Place,4835966,Indio CDP,45,44,1,1,0,0,0,0,0,0
Texas,2020,U.S. Census Bureau,2020 Decennial Census PL 94-171,P4,Population 18 years and over,Place,4835984,Industry city,210,35,175,123,35,0,0,0,10,7
Texas,2020,U.S. Census Bureau,2020 Decennial Census PL 94-171,P4,Population 18 years and over,Place,4835996,Inez CDP,1940,284,1656,1558,20,0,8,1,10,59
Texas,2020,U.S. Census Bureau,2020 Decennial Census PL 94-171,P4,Population 18 years and over,Place,4836008,Ingleside city,6913,3014,3899,3471,101,22,85,4,25,191
Texas,2020,U.S. Census Bureau,2020 Decennial Census PL 94-171,P4,Population 18 years and over,Place,4836020,Ingleside on the Bay city,523,73,450,413,3,3,4,0,4,23
Texas,2020,U.S. Census Bureau,2020 Decennial Census PL 94-171,P4,Population 18 years and over,Place,4836032,Ingram city,1323,374,949,884,2,9,17,0,2,35
Texas,2020,U.S. Census Bureau,2020 Decennial Census PL 94-171,P4,Population 18 years and over,Place,4836068,Iola city,251,36,215,194,7,0,2,0,4,8
Texas,2020,U.S. Census Bureau,2020 Decennial Census PL 94-171,P4,Population 18 years and over,Place,4836092,Iowa Colony village,5563,1474,4089,1518,2038,13,316,2,20,182
Texas,2020,U.S. Census Bureau,2020 Decennial Census PL 94-171,P4,Population 18 years and over,Place,4836104,Iowa Park city,4841,275,4566,4229,37,66,26,1,11,196
Texas,2020,U.S. Census Bureau,2020 Decennial Census PL 94-171,P4,Population 18 years and over,Place,4836128,Iraan city,747,431,316,292,0,6,6,0,0,12
Texas,2020,U.S. Census Bureau,2020 Decennial Census PL 94-171,P4,Population 18 years and over,Place,4836140,Iredell city,227,40,187,181,0,0,0,0,2,4
Texas,2020,U.S. Census Bureau,2020 Decennial Census PL 94-171,P4,Population 18 years and over,Place,4837000,Irving city,192835,73168,119667,47592,24230,510,42170,185,804,4176
Texas,2020,U.S. Census Bureau,2020 Decennial Census PL 94-171,P4,Population 18 years and over,Place,4837072,Italy town,1418,313,1105,872,183,8,7,0,0,35
Texas,2020,U.S. Census Bureau,2020 Decennial Census PL 94-171,P4,Population 18 years and over,Place,4837084,Itasca city,1154,405,749,550,149,11,7,0,2,30
Texas,2020,U.S. Census Bureau,2020 Decennial Census PL 94-171,P4,Population 18 years and over,Place,4837112,Ivanhoe city,1101,97,1004,897,44,3,4,0,5,51
Texas,2020,U.S. Census Bureau,2020 Decennial Census PL 94-171,P4,Population 18 years and over,Place,4837665,J.F. Villareal CDP,63,63,0,0,0,0,0,0,0,0
Texas,2020,U.S. Census Bureau,2020 Decennial Census PL 94-171,P4,Population 18 years and over,Place,4837156,Jacinto City city,7101,5994,1107,718,270,9,22,0,14,74
Texas,2020,U.S. Census Bureau,2020 Decennial Census PL 94-171,P4,Population 18 years and over,Place,4837168,Jacksboro city,3279,780,2499,2128,276,9,23,0,0,63
Texas,2020,U.S. Census Bureau,2020 Decennial Census PL 94-171,P4,Population 18 years and over,Place,4837216,Jacksonville city,9968,3595,6373,4062,1966,19,83,4,14,225
Texas,2020,U.S. Census Bureau,2020 Decennial Census PL 94-171,P4,Population 18 years and over,Place,4837252,Jamaica Beach city,993,76,917,877,3,4,10,0,1,22
Texas,2020,U.S. Census Bureau,2020 Decennial Census PL 94-171,P4,Population 18 years and over,Place,4837390,Jardin de San Julian CDP,15,15,0,0,0,0,0,0,0,0
Texas,2020,U.S. Census Bureau,2020 Decennial Census PL 94-171,P4,Population 18 years and over,Place,4837396,Jarrell city,1293,409,884,798,26,8,12,2,1,37
Texas,2020,U.S. Census Bureau,2020 Decennial Census PL 94-171,P4,Population 18 years and over,Place,4837420,Jasper city,5191,579,4612,2131,2285,5,43,8,16,124
Texas,2020,U.S. Census Bureau,2020 Decennial Census PL 94-171,P4,Population 18 years and over,Place,4837468,Jayton city,399,48,351,339,2,3,0,0,3,4
Texas,2020,U.S. Census Bureau,2020 Decennial Census PL 94-171,P4,Population 18 years and over,Place,4837528,Jefferson city,1536,28,1508,971,460,11,15,0,1,50
Texas,2020,U.S. Census Bureau,2020 Decennial Census PL 94-171,P4,Population 18 years and over,Place,4837612,Jersey Village city,6514,1304,5210,3595,704,14,657,2,22,216
Texas,2020,U.S. Census Bureau,2020 Decennial Census PL 94-171,P4,Population 18 years and over,Place,4837648,Jewett city,572,217,355,300,36,2,8,0,2,7
Texas,2020,U.S. Census Bureau,2020 Decennial Census PL 94-171,P4,Population 18 years and over,Place,4837684,Joaquin city,557,60,497,383,89,6,3,0,3,13
Texas,2020,U.S. Census Bureau,2020 Decennial Census PL 94-171,P4,Population 18 years and over,Place,4837780,Johnson City city,1285,269,1016,951,5,2,8,0,8,42
Texas,2020,U.S. Census Bureau,2020 Decennial Census PL 94-171,P4,Population 18 years and over,Place,4837924,Jolly city,138,5,133,123,0,2,0,0,0,8
Texas,2020,U.S. Census Bureau,2020 Decennial Census PL 94-171,P4,Population 18 years and over,Place,4837984,Jones Creek village,1505,430,1075,994,17,7,8,0,7,42
Texas,2020,U.S. Census Bureau,2020 Decennial Census PL 94-171,P4,Population 18 years and over,Place,4838020,Jonestown city,1959,208,1751,1567,18,6,51,2,9,98
Texas,2020,U.S. Census Bureau,2020 Decennial Census PL 94-171,P4,Population 18 years and over,Place,4838068,Josephine city,1442,282,1160,980,90,7,18,1,7,57
Texas,2020,U.S. Census Bureau,2020 Decennial Census PL 94-171,P4,Population 18 years and over,Place,4838080,Joshua city,5827,953,4874,4478,84,49,25,14,11,213
Texas,2020,U.S. Census Bureau,2020 Decennial Census PL 94-171,P4,Population 18 years and over,Place,4838116,Jourdanton city,2980,1593,1387,1257,25,11,16,2,13,63
Texas,2020,U.S. Census Bureau,2020 Decennial Census PL 94-171,P4,Population 18 years and over,Place,4838168,Juarez CDP,449,421,28,19,0,0,0,0,1,8
Texas,2020,U.S. Census Bureau,2020 Decennial Census PL 94-171,P4,Population 18 years and over,Place,4838248,Junction city,1905,537,1368,1284,5,9,32,1,8,29
Texas,2020,U.S. Census Bureau,2020 Decennial Census PL 94-171,P4,Population 18 years and over,Place,4838332,Justin city,3243,379,2864,2583,81,18,27,1,9,145
Texas,2020,U.S. Census Bureau,2020 Decennial Census PL 94-171,P4,Population 18 years and over,Place,4838518,K-Bar Ranch CDP,265,201,64,62,0,0,0,0,0,2
Texas,2020,U.S. Census Bureau,2020 Decennial Census PL 94-171,P4,Population 18 years and over,Place,4838452,Karnes City city,2289,1421,868,741,62,16,10,0,2,37
Texas,2020,U.S. Census Bureau,2020 Decennial Census PL 94-171,P4,Population 18 years and over,Place,4838476,Katy city,15914,4158,11756,9035,1002,40,1162,1,64,452
Texas,2020,U.S. Census Bureau,2020 Decennial Census PL 94-171,P4,Population 18 years and over,Place,4838488,Kaufman city,4875,1654,3221,2525,478,18,50,5,9,136
Texas,2020,U.S. Census Bureau,2020 Decennial Census PL 94-171,P4,Population 18 years and over,Place,4838548,Keene city,4801,1495,3306,2497,211,18,87,254,37,202
Texas,2020,U.S. Census Bureau,2020 Decennial Census PL 94-171,P4,Population 18 years and over,Place,4838632,Keller city,33984,2993,30991,26302,987,127,2180,25,121,1249
Texas,2020,U.S. Census Bureau,2020 Decennial Census PL 94-171,P4,Population 18 years and over,Place,4838776,Kemah city,1389,286,1103,924,47,1,69,0,7,55
Texas,2020,U.S. Census Bureau,2020 Decennial Census PL 94-171,P4,Population 18 years and over,Place,4838788,Kemp city,841,87,754,660,44,5,0,0,12,33
Texas,2020,U.S. Census Bureau,2020 Decennial Census PL 94-171,P4,Population 18 years and over,Place,4838800,Kempner city,897,106,791,676,38,12,19,9,0,37
Texas,2020,U.S. Census Bureau,2020 Decennial Census PL 94-171,P4,Population 18 years and over,Place,4838848,Kendleton city,274,68,206,7,191,0,1,0,5,2
Texas,2020,U.S. Census Bureau,2020 Decennial Census PL 94-171,P4,Population 18 years and over,Place,4838860,Kenedy city,2627,1804,823,675,58,2,46,1,8,33
Texas,2020,U.S. Census Bureau,2020 Decennial Census PL 94-171,P4,Population 18 years and over,Place,4838872,Kenefick town,483,38,445,413,1,0,2,0,2,27
Texas,2020,U.S. Census Bureau,2020 Decennial Census PL 94-171,P4,Population 18 years and over,Place,4838884,Kennard city,215,8,207,153,41,0,0,0,0,13
Texas,2020,U.S. Census Bureau,2020 Decennial Census PL 94-171,P4,Population 18 years and over,Place,4838896,Kennedale city,6438,1027,5411,3866,888,40,315,3,15,284
Texas,2020,U.S. Census Bureau,2020 Decennial Census PL 94-171,P4,Population 18 years and over,Place,4838992,Kerens city,1124,152,972,662,244,3,6,3,1,53
Texas,2020,U.S. Census Bureau,2020 Decennial Census PL 94-171,P4,Population 18 years and over,Place,4839004,Kermit city,4492,2815,1677,1478,90,19,47,0,6,37
Texas,2020,U.S. Census Bureau,2020 Decennial Census PL 94-171,P4,Population 18 years and over,Place,4839040,Kerrville city,20110,4844,15266,13828,452,53,292,21,70,550
Texas,2020,U.S. Census Bureau,2020 Decennial Census PL 94-171,P4,Population 18 years and over,Place,4839124,Kilgore city,9898,1792,8106,6180,1443,24,93,4,16,346
Texas,2020,U.S. Census Bureau,2020 Decennial Census PL 94-171,P4,Population 18 years and over,Place,4839148,Killeen city,108686,26954,81732,29846,38066,447,4888,1776,729,5980
Texas,2020,U.S. Census Bureau,2020 Decennial Census PL 94-171,P4,Population 18 years and over,Place,4839292,Kingsbury city,86,16,70,67,0,0,0,0,1,2
Texas,2020,U.S. Census Bureau,2020 Decennial Census PL 94-171,P4,Population 18 years and over,Place,4839304,Kingsland CDP,5627,878,4749,4422,49,28,22,4,7,217
Texas,2020,U.S. Census Bureau,2020 Decennial Census PL 94-171,P4,Population 18 years and over,Place,4839352,Kingsville city,19459,13500,5959,4111,822,55,664,1,56,250
Texas,2020,U.S. Census Bureau,2020 Decennial Census PL 94-171,P4,Population 18 years and over,Place,4839448,Kirby city,6083,3305,2778,1642,830,13,110,7,16,160
Texas,2020,U.S. Census Bureau,2020 Decennial Census PL 94-171,P4,Population 18 years and over,Place,4839460,Kirbyville city,1460,81,1379,1054,258,14,1,1,1,50
Texas,2020,U.S. Census Bureau,2020 Decennial Census PL 94-171,P4,Population 18 years and over,Place,4839520,Kirvin town,77,8,69,63,0,1,0,0,1,4
Texas,2020,U.S. Census Bureau,2020 Decennial Census PL 94-171,P4,Population 18 years and over,Place,4839664,Knippa CDP,469,265,204,177,8,2,0,0,0,17
Texas,2020,U.S. Census Bureau,2020 Decennial Census PL 94-171,P4,Population 18 years and over,Place,4839680,Knollwood city,639,52,587,480,46,10,15,1,1,34
Texas,2020,U.S. Census Bureau,2020 Decennial Census PL 94-171,P4,Population 18 years and over,Place,4839700,Knox City town,799,253,546,485,30,4,3,0,0,24
Texas,2020,U.S. Census Bureau,2020 Decennial Census PL 94-171,P4,Population 18 years and over,Place,4839784,Kopperl CDP,125,1,124,120,0,0,0,0,0,4
Texas,2020,U.S. Census Bureau,2020 Decennial Census PL 94-171,P4,Population 18 years and over,Place,4839844,Kosse town,352,29,323,260,30,7,0,0,2,24
Texas,2020,U.S. Census Bureau,2020 Decennial Census PL 94-171,P4,Population 18 years and over,Place,4839868,Kountze city,1514,71,1443,1029,345,4,15,1,4,45
Texas,2020,U.S. Census Bureau,2020 Decennial Census PL 94-171,P4,Population 18 years and over,Place,4839904,Kress city,436,278,158,129,19,3,1,0,0,6
Texas,2020,U.S. Census Bureau,2020 Decennial Census PL 94-171,P4,Population 18 years and over,Place,4839916,Krugerville city,1353,109,1244,1148,13,6,14,2,1,60
Texas,2020,U.S. Census Bureau,2020 Decennial Census PL 94-171,P4,Population 18 years and over,Place,4839928,Krum city,3904,636,3268,2910,91,24,42,4,17,180
Texas,2020,U.S. Census Bureau,2020 Decennial Census PL 94-171,P4,Population 18 years and over,Place,4839940,Kurten town,285,88,197,183,7,0,0,0,0,7
Texas,2020,U.S. Census Bureau,2020 Decennial Census PL 94-171,P4,Population 18 years and over,Place,4839952,Kyle city,33347,15268,18079,14433,1783,101,595,28,155,984
Texas,2020,U.S. Census Bureau,2020 Decennial Census PL 94-171,P4,Population 18 years and over,Place,4839988,La Blanca CDP,1538,1423,115,93,0,3,3,0,11,5
Texas,2020,U.S. Census Bureau,2020 Decennial Census PL 94-171,P4,Population 18 years and over,Place,4839994,La Carla CDP,39,39,0,0,0,0,0,0,0,0
Texas,2020,U.S. Census Bureau,2020 Decennial Census PL 94-171,P4,Population 18 years and over,Place,4840000,La Casita CDP,87,86,1,1,0,0,0,0,0,0
Texas,2020,U.S. Census Bureau,2020 Decennial Census PL 94-171,P4,Population 18 years and over,Place,4840018,La Chuparosa CDP,50,50,0,0,0,0,0,0,0,0
Texas,2020,U.S. Census Bureau,2020 Decennial Census PL 94-171,P4,Population 18 years and over,Place,4840100,La Coma CDP,6,6,0,0,0,0,0,0,0,0
Texas,2020,U.S. Census Bureau,2020 Decennial Census PL 94-171,P4,Population 18 years and over,Place,4840104,La Coma Heights CDP,95,87,8,5,2,0,0,0,1,0
Texas,2020,U.S. Census Bureau,2020 Decennial Census PL 94-171,P4,Population 18 years and over,Place,4840186,La Escondida CDP,129,129,0,0,0,0,0,0,0,0
Texas,2020,U.S. Census Bureau,2020 Decennial Census PL 94-171,P4,Population 18 years and over,Place,4840188,La Esperanza CDP,136,133,3,0,0,0,0,0,3,0
Texas,2020,U.S. Census Bureau,2020 Decennial Census PL 94-171,P4,Population 18 years and over,Place,4840210,La Feria North CDP,148,119,29,26,0,2,0,0,0,1
Texas,2020,U.S. Census Bureau,2020 Decennial Census PL 94-171,P4,Population 18 years and over,Place,4840204,La Feria city,5131,4317,814,768,5,1,18,1,8,13
Texas,2020,U.S. Census Bureau,2020 Decennial Census PL 94-171,P4,Population 18 years and over,Place,4840276,La Grange city,3270,848,2422,2047,278,4,14,0,8,71
Texas,2020,U.S. Census Bureau,2020 Decennial Census PL 94-171,P4,Population 18 years and over,Place,4840288,La Grulla city,933,905,28,22,2,0,0,0,0,4
Texas,2020,U.S. Census Bureau,2020 Decennial Census PL 94-171,P4,Population 18 years and over,Place,4840342,La Homa CDP,7672,7391,281,247,1,3,4,0,7,19
Texas,2020,U.S. Census Bureau,2020 Decennial Census PL 94-171,P4,Population 18 years and over,Place,4840384,La Joya city,3101,3015,86,65,2,5,5,0,7,2
Texas,2020,U.S. Census Bureau,2020 Decennial Census PL 94-171,P4,Population 18 years and over,Place,4841086,La Loma de Falcon CDP,50,50,0,0,0,0,0,0,0,0
Texas,2020,U.S. Census Bureau,2020 Decennial Census PL 94-171,P4,Population 18 years and over,Place,4841116,La Marque city,13769,3584,10185,5249,4267,35,228,27,37,342
Texas,2020,U.S. Census Bureau,2020 Decennial Census PL 94-171,P4,Population 18 years and over,Place,4841170,La Minita CDP,101,99,2,2,0,0,0,0,0,0
Texas,2020,U.S. Census Bureau,2020 Decennial Census PL 94-171,P4,Population 18 years and over,Place,4841180,La Moca Ranch CDP,21,18,3,3,0,0,0,0,0,0
Texas,2020,U.S. Census Bureau,2020 Decennial Census PL 94-171,P4,Population 18 years and over,Place,4841420,La Paloma Addition CDP,225,215,10,10,0,0,0,0,0,0
Texas,2020,U.S. Census Bureau,2020 Decennial Census PL 94-171,P4,Population 18 years and over,Place,4841416,La Paloma CDP,2207,2166,41,30,0,1,4,0,4,2
Texas,2020,U.S. Census Bureau,2020 Decennial Census PL 94-171,P4,Population 18 years and over,Place,4841424,La Paloma Ranchettes CDP,222,222,0,0,0,0,0,0,0,0
Texas,2020,U.S. Census Bureau,2020 Decennial Census PL 94-171,P4,Population 18 years and over,Place,4841422,La Paloma-Lost Creek CDP,1251,535,716,693,8,2,0,0,2,11
Texas,2020,U.S. Census Bureau,2020 Decennial Census PL 94-171,P4,Population 18 years and over,Place,4841440,La Porte city,26718,8947,17771,14854,1498,102,309,14,138,856
Texas,2020,U.S. Census Bureau,2020 Decennial Census PL 94-171,P4,Population 18 years and over,Place,4841449,La Presa CDP,171,169,2,2,0,0,0,0,0,0
Texas,2020,U.S. Census Bureau,2020 Decennial Census PL 94-171,P4,Population 18 years and over,Place,4841452,La Pryor CDP,934,837,97,87,6,2,2,0,0,0
Texas,2020,U.S. Census Bureau,2020 Decennial Census PL 94-171,P4,Population 18 years and over,Place,4841458,La Puerta CDP,455,449,6,3,0,0,0,0,0,3
Texas,2020,U.S. Census Bureau,2020 Decennial Census PL 94-171,P4,Population 18 years and over,Place,4841503,La Rosita CDP,61,61,0,0,0,0,0,0,0,0
Texas,2020,U.S. Census Bureau,2020 Decennial Census PL 94-171,P4,Population 18 years and over,Place,4841660,La Tina Ranch CDP,472,448,24,22,1,0,0,0,0,1
Texas,2020,U.S. Census Bureau,2020 Decennial Census PL 94-171,P4,Population 18 years and over,Place,4841764,La Vernia city,834,223,611,575,1,3,5,0,5,22
Texas,2020,U.S. Census Bureau,2020 Decennial Census PL 94-171,P4,Population 18 years and over,Place,4841782,La Victoria CDP,134,133,1,1,0,0,0,0,0,0
Texas,2020,U.S. Census Bureau,2020 Decennial Census PL 94-171,P4,Population 18 years and over,Place,4841788,La Villa city,2263,1563,700,692,1,0,3,0,0,4
Texas,2020,U.S. Census Bureau,2020 Decennial Census PL 94-171,P4,Population 18 years and over,Place,4841848,La Ward city,129,51,78,76,0,0,1,0,0,1
Texas,2020,U.S. Census Bureau,2020 Decennial Census PL 94-171,P4,Population 18 years and over,Place,4840108,LaCoste city,842,507,335,317,0,6,2,1,1,8
Texas,2020,U.S. Census Bureau,2020 Decennial Census PL 94-171,P4,Population 18 years and over,Place,4840036,Lackland AFB CDP,8775,1432,7343,4973,1671,8,351,6,123,211
Texas,2020,U.S. Census Bureau,2020 Decennial Census PL 94-171,P4,Population 18 years and over,Place,4840168,Lacy-Lakeview city,5155,1275,3880,2408,1227,10,40,0,16,179
Texas,2020,U.S. Census Bureau,2020 Decennial Census PL 94-171,P4,Population 18 years and over,Place,4840180,Ladonia town,473,13,460,283,139,10,2,0,0,26
Texas,2020,U.S. Census Bureau,2020 Decennial Census PL 94-171,P4,Population 18 years and over,Place,4840258,Lago CDP,116,108,8,5,0,0,0,0,0,3
Texas,2020,U.S. Census Bureau,2020 Decennial Census PL 94-171,P4,Population 18 years and over,Place,4840262,Lago Vista CDP,86,86,0,0,0,0,0,0,0,0
Texas,2020,U.S. Census Bureau,2020 Decennial Census PL 94-171,P4,Population 18 years and over,Place,4840264,Lago Vista city,7271,935,6336,5762,98,19,75,7,30,345
Texas,2020,U.S. Census Bureau,2020 Decennial Census PL 94-171,P4,Population 18 years and over,Place,4840300,Laguna Heights CDP,671,612,59,43,2,5,2,0,7,0
Texas,2020,U.S. Census Bureau,2020 Decennial Census PL 94-171,P4,Population 18 years and over,Place,4840312,Laguna Park CDP,1184,64,1120,1028,10,3,4,2,3,70
Texas,2020,U.S. Census Bureau,2020 Decennial Census PL 94-171,P4,Population 18 years and over,Place,4840320,Laguna Seca CDP,170,168,2,1,0,0,0,0,0,1
Texas,2020,U.S. Census Bureau,2020 Decennial Census PL 94-171,P4,Population 18 years and over,Place,4840336,Laguna Vista town,2876,1205,1671,1575,10,7,22,0,5,52
Texas,2020,U.S. Census Bureau,2020 Decennial Census PL 94-171,P4,Population 18 years and over,Place,4840450,Lake Bridgeport city,280,32,248,242,1,0,0,0,0,5
Texas,2020,U.S. Census Bureau,2020 Decennial Census PL 94-171,P4,Population 18 years and over,Place,4840456,Lake Brownwood CDP,1235,153,1082,1006,20,11,7,0,1,37
Texas,2020,U.S. Census Bureau,2020 Decennial Census PL 94-171,P4,Population 18 years and over,Place,4840462,Lake Bryan CDP,1429,764,665,544,56,6,0,0,16,43
Texas,2020,U.S. Census Bureau,2020 Decennial Census PL 94-171,P4,Population 18 years and over,Place,4840468,Lake Cherokee CDP,2493,187,2306,2046,149,20,1,0,10,80
Texas,2020,U.S. Census Bureau,2020 Decennial Census PL 94-171,P4,Population 18 years and over,Place,4840472,Lake City town,389,145,244,235,2,0,1,0,1,5
Texas,2020,U.S. Census Bureau,2020 Decennial Census PL 94-171,P4,Population 18 years and over,Place,4840475,Lake Colorado City CDP,495,48,447,422,5,5,3,0,0,12
Texas,2020,U.S. Census Bureau,2020 Decennial Census PL 94-171,P4,Population 18 years and over,Place,4840516,Lake Dallas city,5682,1453,4229,3441,362,41,132,4,14,235
Texas,2020,U.S. Census Bureau,2020 Decennial Census PL 94-171,P4,Population 18 years and over,Place,4840522,Lake Dunlap CDP,1548,551,997,926,11,9,0,0,4,47
Texas,2020,U.S. Census Bureau,2020 Decennial Census PL 94-171,P4,Population 18 years and over,Place,4840588,Lake Jackson city,21386,5306,16080,13368,1143,80,711,8,115,655
Texas,2020,U.S. Census Bureau,2020 Decennial Census PL 94-171,P4,Population 18 years and over,Place,4840624,Lake Kiowa CDP,1998,42,1956,1847,8,14,9,1,0,77
Texas,2020,U.S. Census Bureau,2020 Decennial Census PL 94-171,P4,Population 18 years and over,Place,4840674,Lake Medina Shores CDP,912,231,681,584,4,13,2,0,3,75
Texas,2020,U.S. Census Bureau,2020 Decennial Census PL 94-171,P4,Population 18 years and over,Place,4840676,Lake Meredith Estates CDP,282,19,263,234,2,10,0,0,0,17
Texas,2020,U.S. Census Bureau,2020 Decennial Census PL 94-171,P4,Population 18 years and over,Place,4840804,Lake Tanglewood village,598,25,573,549,1,3,5,0,2,13
Texas,2020,U.S. Census Bureau,2020 Decennial Census PL 94-171,P4,Population 18 years and over,Place,4840966,Lake View CDP,154,54,100,94,0,0,0,0,0,6
Texas,2020,U.S. Census Bureau,2020 Decennial Census PL 94-171,P4,Population 18 years and over,Place,4841056,Lake Worth city,3644,1144,2500,2247,60,17,36,8,14,118
Texas,2020,U.S. Census Bureau,2020 Decennial Census PL 94-171,P4,Population 18 years and over,Place,4840576,Lakehills CDP,4359,754,3605,3358,36,34,28,1,10,138
Texas,2020,U.S. Census Bureau,2020 Decennial Census PL 94-171,P4,Population 18 years and over,Place,4840696,Lakeport city,732,129,603,184,387,4,13,0,0,15
Texas,2020,U.S. Census Bureau,2020 Decennial Census PL 94-171,P4,Population 18 years and over,Place,4840714,Lakeshore Gardens-Hidden Acres CDP,497,191,306,284,2,2,5,0,0,13
Texas,2020,U.S. Census Bureau,2020 Decennial Census PL 94-171,P4,Population 18 years and over,Place,4840756,Lakeside City town,817,49,768,732,5,5,1,0,0,25
Texas,2020,U.S. Census Bureau,2020 Decennial Census PL 94-171,P4,Population 18 years and over,Place,4840738,Lakeside town (San Patricio County),267,124,143,133,0,2,3,0,0,5
Texas,2020,U.S. Census Bureau,2020 Decennial Census PL 94-171,P4,Population 18 years and over,Place,4840744,Lakeside town (Tarrant County),1356,117,1239,1118,13,5,18,0,3,82
Texas,2020,U.S. Census Bureau,2020 Decennial Census PL 94-171,P4,Population 18 years and over,Place,4840888,Lakeview town,46,16,30,30,0,0,0,0,0,0
Texas,2020,U.S. Census Bureau,2020 Decennial Census PL 94-171,P4,Population 18 years and over,Place,4840984,Lakeway city,14931,1318,13613,12103,191,54,722,10,62,471
Texas,2020,U.S. Census Bureau,2020 Decennial Census PL 94-171,P4,Population 18 years and over,Place,4841050,Lakewood Village city,505,51,454,393,11,2,27,1,6,14
Texas,2020,U.S. Census Bureau,2020 Decennial Census PL 94-171,P4,Population 18 years and over,Place,4841092,Lamar CDP,664,63,601,554,0,7,4,0,0,36
Texas,2020,U.S. Census Bureau,2020 Decennial Census PL 94-171,P4,Population 18 years and over,Place,4841164,Lamesa city,6299,3702,2597,2219,242,13,41,0,10,72
Texas,2020,U.S. Census Bureau,2020 Decennial Census PL 94-171,P4,Population 18 years and over,Place,4841176,Lamkin CDP,40,11,29,29,0,0,0,0,0,0
Texas,2020,U.S. Census Bureau,2020 Decennial Census PL 94-171,P4,Population 18 years and over,Place,4841188,Lampasas city,5584,1262,4322,3950,80,20,41,4,24,203
Texas,2020,U.S. Census Bureau,2020 Decennial Census PL 94-171,P4,Population 18 years and over,Place,4841212,Lancaster city,29772,6344,23428,2796,19737,67,125,10,143,550
Texas,2020,U.S. Census Bureau,2020 Decennial Census PL 94-171,P4,Population 18 years and over,Place,4841404,Lantana CDP,7439,685,6754,5579,321,33,513,4,26,278
Texas,2020,U.S. Census Bureau,2020 Decennial Census PL 94-171,P4,Population 18 years and over,Place,4841473,Laredo Ranchettes CDP,11,11,0,0,0,0,0,0,0,0
Texas,2020,U.S. Census Bureau,2020 Decennial Census PL 94-171,P4,Population 18 years and over,Place,4841475,Laredo Ranchettes West CDP,5,4,1,1,0,0,0,0,0,0
Texas,2020,U.S. Census Bureau,2020 Decennial Census PL 94-171,P4,Population 18 years and over,Place,4841464,Laredo city,178344,168962,9382,6976,645,95,1026,20,238,382
Texas,2020,U.S. Census Bureau,2020 Decennial Census PL 94-171,P4,Population 18 years and over,Place,4841565,Las Haciendas CDP,2,1,1,0,0,1,0,0,0,0
Texas,2020,U.S. Census Bureau,2020 Decennial Census PL 94-171,P4,Population 18 years and over,Place,4841566,Las Lomas CDP,2086,2055,31,23,4,0,0,0,4,0
Texas,2020,U.S. Census Bureau,2020 Decennial Census PL 94-171,P4,Population 18 years and over,Place,4841569,Las Lomitas CDP,172,155,17,12,0,0,1,0,0,4
Texas,2020,U.S. Census Bureau,2020 Decennial Census PL 94-171,P4,Population 18 years and over,Place,4841579,Las Palmas CDP,48,30,18,17,0,0,0,0,0,1
Texas,2020,U.S. Census Bureau,2020 Decennial Census PL 94-171,P4,Population 18 years and over,Place,4841580,Las Palmas II CDP,642,616,26,17,0,2,0,0,4,3
Texas,2020,U.S. Census Bureau,2020 Decennial Census PL 94-171,P4,Population 18 years and over,Place,4841582,Las Pilas CDP,5,5,0,0,0,0,0,0,0,0
Texas,2020,U.S. Census Bureau,2020 Decennial Census PL 94-171,P4,Population 18 years and over,Place,4841583,Las Quintas Fronterizas CDP,1638,1625,13,10,0,0,0,0,0,3
Texas,2020,U.S. Census Bureau,2020 Decennial Census PL 94-171,P4,Population 18 years and over,Place,4841542,Lasana CDP,72,61,11,10,0,0,0,0,0,1
Texas,2020,U.S. Census Bureau,2020 Decennial Census PL 94-171,P4,Population 18 years and over,Place,4841548,Lasara CDP,673,631,42,39,0,1,0,0,1,1
Texas,2020,U.S. Census Bureau,2020 Decennial Census PL 94-171,P4,Population 18 years and over,Place,4841644,Latexo city,179,26,153,140,4,0,0,0,3,6
Texas,2020,U.S. Census Bureau,2020 Decennial Census PL 94-171,P4,Population 18 years and over,Place,4841704,Laughlin AFB CDP,1410,194,1216,999,92,2,63,5,5,50
Texas,2020,U.S. Census Bureau,2020 Decennial Census PL 94-171,P4,Population 18 years and over,Place,4841728,Laureles CDP,2790,2693,97,84,2,0,2,0,3,6
Texas,2020,U.S. Census Bureau,2020 Decennial Census PL 94-171,P4,Population 18 years and over,Place,4841800,Lavon city,3096,474,2622,1952,365,28,150,0,13,114
Texas,2020,U.S. Census Bureau,2020 Decennial Census PL 94-171,P4,Population 18 years and over,Place,4841872,Lawn town,254,32,222,212,0,4,0,0,0,6
Texas,2020,U.S. Census Bureau,2020 Decennial Census PL 94-171,P4,Population 18 years and over,Place,4841980,League City city,84546,15866,68680,53540,6135,223,5517,51,433,2781
Texas,2020,U.S. Census Bureau,2020 Decennial Census PL 94-171,P4,Population 18 years and over,Place,4842004,Leakey city,244,64,180,175,3,1,0,0,0,1
Texas,2020,U.S. Census Bureau,2020 Decennial Census PL 94-171,P4,Population 18 years and over,Place,4842016,Leander city,42036,8333,33703,25405,2006,170,4189,52,223,1658
Texas,2020,U.S. Census Bureau,2020 Decennial Census PL 94-171,P4,Population 18 years and over,Place,4842028,Leary city,336,11,325,291,13,2,0,0,0,19
Texas,2020,U.S. Census Bureau,2020 Decennial Census PL 94-171,P4,Population 18 years and over,Place,4842148,Lefors town,308,12,296,277,0,7,0,0,0,12
Texas,2020,U.S. Census Bureau,2020 Decennial Census PL 94-171,P4,Population 18 years and over,Place,4842244,Lelia Lake CDP,42,8,34,34,0,0,0,0,0,0
Texas,2020,U.S. Census Bureau,2020 Decennial Census PL 94-171,P4,Population 18 years and over,Place,4842256,Leming CDP,613,457,156,152,0,1,0,0,0,3
Texas,2020,U.S. Census Bureau,2020 Decennial Census PL 94-171,P4,Population 18 years and over,Place,4842388,Leon Valley city,9180,5218,3962,2785,461,19,447,8,44,198
Texas,2020,U.S. Census Bureau,2020 Decennial Census PL 94-171,P4,Population 18 years and over,Place,4842340,Leona city,116,7,109,94,11,0,2,0,0,2
Texas,2020,U.S. Census Bureau,2020 Decennial Census PL 94-171,P4,Population 18 years and over,Place,4842352,Leonard city,1444,170,1274,1104,52,18,8,1,9,82
Texas,2020,U.S. Census Bureau,2020 Decennial Census PL 94-171,P4,Population 18 years and over,Place,4842400,Leroy city,275,35,240,228,5,0,0,0,0,7
Texas,2020,U.S. Census Bureau,2020 Decennial Census PL 94-171,P4,Population 18 years and over,Place,4842448,Levelland city,9265,4742,4523,3910,364,31,30,2,12,174
Texas,2020,U.S. Census Bureau,2020 Decennial Census PL 94-171,P4,Population 18 years and over,Place,4842508,Lewisville city,85270,24207,61063,34732,13210,274,9484,51,334,2978
Texas,2020,U.S. Census Bureau,2020 Decennial Census PL 94-171,P4,Population 18 years and over,Place,4842532,Lexington town,878,99,779,646,82,8,1,0,1,41
Texas,2020,U.S. Census Bureau,2020 Decennial Census PL 94-171,P4,Population 18 years and over,Place,4842616,Liberty City CDP,1981,147,1834,1666,84,8,8,2,5,61
Texas,2020,U.S. Census Bureau,2020 Decennial Census PL 94-171,P4,Population 18 years and over,Place,4842664,Liberty Hill city,2580,613,1967,1714,69,15,51,1,12,105
Texas,2020,U.S. Census Bureau,2020 Decennial Census PL 94-171,P4,Population 18 years and over,Place,4842568,Liberty city,6219,1470,4749,3694,779,8,66,1,28,173
Texas,2020,U.S. Census Bureau,2020 Decennial Census PL 94-171,P4,Population 18 years and over,Place,4842820,Lindale city,4402,346,4056,3514,309,29,68,2,16,118
Texas,2020,U.S. Census Bureau,2020 Decennial Census PL 94-171,P4,Population 18 years and over,Place,4842844,Linden city,1457,93,1364,1019,275,10,4,0,9,47
Texas,2020,U.S. Census Bureau,2020 Decennial Census PL 94-171,P4,Population 18 years and over,Place,4842874,Lindsay CDP,310,297,13,7,0,5,1,0,0,0
Texas,2020,U.S. Census Bureau,2020 Decennial Census PL 94-171,P4,Population 18 years and over,Place,4842868,Lindsay city,762,19,743,712,2,9,5,0,4,11
Texas,2020,U.S. Census Bureau,2020 Decennial Census PL 94-171,P4,Population 18 years and over,Place,4842880,Lingleville CDP,126,54,72,64,1,1,1,1,1,3
Texas,2020,U.S. Census Bureau,2020 Decennial Census PL 94-171,P4,Population 18 years and over,Place,4842916,Linn CDP,573,471,102,101,0,0,0,0,0,1
Texas,2020,U.S. Census Bureau,2020 Decennial Census PL 94-171,P4,Population 18 years and over,Place,4842940,Lipan city,350,27,323,304,0,1,0,3,0,15
Texas,2020,U.S. Census Bureau,2020 Decennial Census PL 94-171,P4,Population 18 years and over,Place,4842952,Lipscomb CDP,56,1,55,50,1,0,0,0,0,4
Texas,2020,U.S. Census Bureau,2020 Decennial Census PL 94-171,P4,Population 18 years and over,Place,4843000,Little Cypress CDP,1532,80,1452,1330,45,4,14,1,2,56
Texas,2020,U.S. Census Bureau,2020 Decennial Census PL 94-171,P4,Population 18 years and over,Place,4843012,Little Elm city,32441,7292,25149,14626,5787,128,3086,18,171,1333
Texas,2020,U.S. Census Bureau,2020 Decennial Census PL 94-171,P4,Population 18 years and over,Place,4843066,Little River-Academy city,1408,274,1134,1050,12,5,13,2,0,52
Texas,2020,U.S. Census Bureau,2020 Decennial Census PL 94-171,P4,Population 18 years and over,Place,4843024,Littlefield city,4349,2384,1965,1667,224,5,3,2,7,57
Texas,2020,U.S. Census Bureau,2020 Decennial Census PL 94-171,P4,Population 18 years and over,Place,4843096,Live Oak city,12415,4680,7735,4886,1641,45,571,48,55,489
Texas,2020,U.S. Census Bureau,2020 Decennial Census PL 94-171,P4,Population 18 years and over,Place,4843120,Liverpool city,373,66,307,274,5,5,0,0,2,21
Texas,2020,U.S. Census Bureau,2020 Decennial Census PL 94-171,P4,Population 18 years and over,Place,4843132,Livingston town,4189,757,3432,2468,733,23,81,0,14,113
Texas,2020,U.S. Census Bureau,2020 Decennial Census PL 94-171,P4,Population 18 years and over,Place,4843150,Llano Grande CDP,2218,1843,375,369,0,0,2,0,1,3
Texas,2020,U.S. Census Bureau,2020 Decennial Census PL 94-171,P4,Population 18 years and over,Place,4843144,Llano city,2630,310,2320,2157,2,6,35,0,7,113
Texas,2020,U.S. Census Bureau,2020 Decennial Census PL 94-171,P4,Population 18 years and over,Place,4843216,Lockett CDP,126,46,80,77,0,0,3,0,0,0
Texas,2020,U.S. Census Bureau,2020 Decennial Census PL 94-171,P4,Population 18 years and over,Place,4843240,Lockhart city,11100,5408,5692,4542,791,39,77,2,21,220
Texas,2020,U.S. Census Bureau,2020 Decennial Census PL 94-171,P4,Population 18 years and over,Place,4843252,Lockney town,1112,650,462,410,31,0,2,1,1,17
Texas,2020,U.S. Census Bureau,2020 Decennial Census PL 94-171,P4,Population 18 years and over,Place,4843354,Log Cabin city,543,30,513,461,9,9,2,0,0,32
Texas,2020,U.S. Census Bureau,2020 Decennial Census PL 94-171,P4,Population 18 years and over,Place,4843432,Lolita CDP,385,121,264,243,4,2,5,0,0,10
Texas,2020,U.S. Census Bureau,2020 Decennial Census PL 94-171,P4,Population 18 years and over,Place,4843458,Loma Grande CDP,90,85,5,3,0,0,2,0,0,0
Texas,2020,U.S. Census Bureau,2020 Decennial Census PL 94-171,P4,Population 18 years and over,Place,4843460,Loma Linda CDP,108,69,39,36,2,0,0,0,0,1
Texas,2020,U.S. Census Bureau,2020 Decennial Census PL 94-171,P4,Population 18 years and over,Place,4843462,Loma Linda East CDP (Jim Wells County),221,200,21,7,0,0,0,0,0,14
Texas,2020,U.S. Census Bureau,2020 Decennial Census PL 94-171,P4,Population 18 years and over,Place,4843463,Loma Linda East CDP (Starr County),47,47,0,0,0,0,0,0,0,0
Texas,2020,U.S. Census Bureau,2020 Decennial Census PL 94-171,P4,Population 18 years and over,Place,4843465,Loma Linda West CDP,64,62,2,0,1,0,0,0,0,1
Texas,2020,U.S. Census Bureau,2020 Decennial Census PL 94-171,P4,Population 18 years and over,Place,4843474,Loma Vista CDP,84,83,1,1,0,0,0,0,0,0
Texas,2020,U.S. Census Bureau,2020 Decennial Census PL 94-171,P4,Population 18 years and over,Place,4843516,Lometa city,518,234,284,264,3,3,2,0,0,12
Texas,2020,U.S. Census Bureau,2020 Decennial Census PL 94-171,P4,Population 18 years and over,Place,4843636,Lone Oak city,437,30,407,364,16,3,4,0,2,18
Texas,2020,U.S. Census Bureau,2020 Decennial Census PL 94-171,P4,Population 18 years and over,Place,4843684,Lone Star city,1080,105,975,701,218,7,6,2,2,39
Texas,2020,U.S. Census Bureau,2020 Decennial Census PL 94-171,P4,Population 18 years and over,Place,4843822,Longoria CDP,61,59,2,0,1,0,0,0,0,1
Texas,2020,U.S. Census Bureau,2020 Decennial Census PL 94-171,P4,Population 18 years and over,Place,4843888,Longview city,61908,10774,51134,33653,14119,198,1032,25,152,1955
Texas,2020,U.S. Census Bureau,2020 Decennial Census PL 94-171,P4,Population 18 years and over,Place,4843948,Loop CDP,150,65,85,82,0,1,0,0,0,2
Texas,2020,U.S. Census Bureau,2020 Decennial Census PL 94-171,P4,Population 18 years and over,Place,4843972,Lopezville CDP,1677,1618,59,37,0,1,6,0,9,6
Texas,2020,U.S. Census Bureau,2020 Decennial Census PL 94-171,P4,Population 18 years and over,Place,4843960,Lopeño CDP,37,36,1,1,0,0,0,0,0,0
Texas,2020,U.S. Census Bureau,2020 Decennial Census PL 94-171,P4,Population 18 years and over,Place,4843996,Loraine town,393,182,211,171,23,1,0,1,0,15
Texas,2020,U.S. Census Bureau,2020 Decennial Census PL 94-171,P4,Population 18 years and over,Place,4844020,Lorena city,1308,136,1172,1083,14,8,12,0,13,42
Texas,2020,U.S. Census Bureau,2020 Decennial Census PL 94-171,P4,Population 18 years and over,Place,4844032,Lorenzo city,704,421,283,243,31,0,0,0,0,9
Texas,2020,U.S. Census Bureau,2020 Decennial Census PL 94-171,P4,Population 18 years and over,Place,4844038,Los Altos CDP,125,125,0,0,0,0,0,0,0,0
Texas,2020,U.S. Census Bureau,2020 Decennial Census PL 94-171,P4,Population 18 years and over,Place,4844044,Los Alvarez CDP,186,182,4,0,0,0,1,0,2,1
Texas,2020,U.S. Census Bureau,2020 Decennial Census PL 94-171,P4,Population 18 years and over,Place,4844062,Los Angeles CDP,69,68,1,1,0,0,0,0,0,0
Texas,2020,U.S. Census Bureau,2020 Decennial Census PL 94-171,P4,Population 18 years and over,Place,4844072,Los Arcos CDP,57,56,1,0,0,0,0,0,0,1
Texas,2020,U.S. Census Bureau,2020 Decennial Census PL 94-171,P4,Population 18 years and over,Place,4844075,Los Arrieros CDP,29,28,1,1,0,0,0,0,0,0
Texas,2020,U.S. Census Bureau,2020 Decennial Census PL 94-171,P4,Population 18 years and over,Place,4844076,Los Barreras CDP,194,192,2,1,1,0,0,0,0,0
Texas,2020,U.S. Census Bureau,2020 Decennial Census PL 94-171,P4,Population 18 years and over,Place,4844077,Los Centenarios CDP,33,31,2,0,0,0,0,0,0,2
Texas,2020,U.S. Census Bureau,2020 Decennial Census PL 94-171,P4,Population 18 years and over,Place,4844079,Los Corralitos CDP,33,29,4,3,0,0,0,0,1,0
Texas,2020,U.S. Census Bureau,2020 Decennial Census PL 94-171,P4,Population 18 years and over,Place,4844104,Los Ebanos CDP (Hidalgo County),184,181,3,2,0,0,0,0,0,1
Texas,2020,U.S. Census Bureau,2020 Decennial Census PL 94-171,P4,Population 18 years and over,Place,4844110,Los Ebanos CDP (Starr County),199,199,0,0,0,0,0,0,0,0
Texas,2020,U.S. Census Bureau,2020 Decennial Census PL 94-171,P4,Population 18 years and over,Place,4844120,Los Fresnos CDP,43,42,1,1,0,0,0,0,0,0
Texas,2020,U.S. Census Bureau,2020 Decennial Census PL 94-171,P4,Population 18 years and over,Place,4844116,Los Fresnos city,5507,4917,590,526,13,3,14,1,10,23
Texas,2020,U.S. Census Bureau,2020 Decennial Census PL 94-171,P4,Population 18 years and over,Place,4844123,Los Huisaches CDP,14,13,1,0,0,0,0,0,0,1
Texas,2020,U.S. Census Bureau,2020 Decennial Census PL 94-171,P4,Population 18 years and over,Place,4844128,Los Indios town,731,696,35,31,1,0,0,0,3,0
Texas,2020,U.S. Census Bureau,2020 Decennial Census PL 94-171,P4,Population 18 years and over,Place,4844142,Los Lobos CDP,5,0,5,4,0,0,0,0,0,1
Texas,2020,U.S. Census Bureau,2020 Decennial Census PL 94-171,P4,Population 18 years and over,Place,4844145,Los Minerales CDP,21,21,0,0,0,0,0,0,0,0
Texas,2020,U.S. Census Bureau,2020 Decennial Census PL 94-171,P4,Population 18 years and over,Place,4844146,Los Nopalitos CDP,27,27,0,0,0,0,0,0,0,0
Texas,2020,U.S. Census Bureau,2020 Decennial Census PL 94-171,P4,Population 18 years and over,Place,4844167,Los Veteranos I CDP,0,0,0,0,0,0,0,0,0,0
Texas,2020,U.S. Census Bureau,2020 Decennial Census PL 94-171,P4,Population 18 years and over,Place,4844168,Los Veteranos II CDP,8,8,0,0,0,0,0,0,0,0
Texas,2020,U.S. Census Bureau,2020 Decennial Census PL 94-171,P4,Population 18 years and over,Place,4844170,Los Ybanez city,21,15,6,4,1,1,0,0,0,0
Texas,2020,U.S. Census Bureau,2020 Decennial Census PL 94-171,P4,Population 18 years and over,Place,4844162,Lost Creek CDP,950,78,872,724,13,3,84,0,2,46
Texas,2020,U.S. Census Bureau,2020 Decennial Census PL 94-171,P4,Population 18 years and over,Place,4844176,Lott city,476,70,406,299,89,3,0,0,0,15
Texas,2020,U.S. Census Bureau,2020 Decennial Census PL 94-171,P4,Population 18 years and over,Place,4844212,Louise CDP,641,237,404,333,45,0,2,0,5,19
Texas,2020,U.S. Census Bureau,2020 Decennial Census PL 94-171,P4,Population 18 years and over,Place,4844260,Lovelady city,422,42,380,305,49,1,4,0,0,21
Texas,2020,U.S. Census Bureau,2020 Decennial Census PL 94-171,P4,Population 18 years and over,Place,4844284,Loving CDP,120,9,111,109,0,0,0,0,0,2
Texas,2020,U.S. Census Bureau,2020 Decennial Census PL 94-171,P4,Population 18 years and over,Place,4844308,Lowry Crossing city,1327,212,1115,1041,8,3,10,0,0,53
Texas,2020,U.S. Census Bureau,2020 Decennial Census PL 94-171,P4,Population 18 years and over,Place,4844344,Lozano CDP,125,125,0,0,0,0,0,0,0,0
Texas,2020,U.S. Census Bureau,2020 Decennial Census PL 94-171,P4,Population 18 years and over,Place,4845000,Lubbock city,198077,63105,134972,101576,18833,1019,7836,115,597,4996
Texas,2020,U.S. Census Bureau,2020 Decennial Census PL 94-171,P4,Population 18 years and over,Place,4845012,Lucas city,5374,469,4905,4193,129,26,336,0,14,207
Texas,2020,U.S. Census Bureau,2020 Decennial Census PL 94-171,P4,Population 18 years and over,Place,4845048,Lueders city,198,25,173,164,0,0,1,0,0,8
Texas,2020,U.S. Census Bureau,2020 Decennial Census PL 94-171,P4,Population 18 years and over,Place,4845072,Lufkin city,25677,6141,19536,11644,6606,45,544,15,64,618
Texas,2020,U.S. Census Bureau,2020 Decennial Census PL 94-171,P4,Population 18 years and over,Place,4845096,Luling city,4115,1943,2172,1732,291,4,21,1,19,104
Texas,2020,U.S. Census Bureau,2020 Decennial Census PL 94-171,P4,Population 18 years and over,Place,4845120,Lumberton city,10158,603,9555,9003,59,37,115,5,26,310
Texas,2020,U.S. Census Bureau,2020 Decennial Census PL 94-171,P4,Population 18 years and over,Place,4845228,Lyford city,1627,1547,80,56,14,4,3,0,0,3
Texas,2020,U.S. Census Bureau,2020 Decennial Census PL 94-171,P4,Population 18 years and over,Place,4845276,Lyons CDP,184,23,161,121,28,3,1,0,0,8
Texas,2020,U.S. Census Bureau,2020 Decennial Census PL 94-171,P4,Population 18 years and over,Place,4845288,Lytle city,2171,1425,746,685,14,7,13,1,4,22
Texas,2020,U.S. Census Bureau,2020 Decennial Census PL 94-171,P4,Population 18 years and over,Place,4845324,Mabank town,2991,272,2719,2441,93,18,66,1,10,90
Texas,2020,U.S. Census Bureau,2020 Decennial Census PL 94-171,P4,Population 18 years and over,Place,4845576,Macdona CDP,356,275,81,63,7,1,0,0,6,4
Texas,2020,U.S. Census Bureau,2020 Decennial Census PL 94-171,P4,Population 18 years and over,Place,4845996,Madisonville city,3136,1129,2007,1091,842,5,23,0,1,45
Texas,2020,U.S. Census Bureau,2020 Decennial Census PL 94-171,P4,Population 18 years and over,Place,4846080,Magnolia Beach CDP,187,14,173,161,0,0,0,0,6,6
Texas,2020,U.S. Census Bureau,2020 Decennial Census PL 94-171,P4,Population 18 years and over,Place,4846056,Magnolia city,1701,260,1441,1231,104,9,25,0,4,68
Texas,2020,U.S. Census Bureau,2020 Decennial Census PL 94-171,P4,Population 18 years and over,Place,4846224,Malakoff city,1642,281,1361,962,337,6,7,2,4,43
Texas,2020,U.S. Census Bureau,2020 Decennial Census PL 94-171,P4,Population 18 years and over,Place,4846260,Malone town,187,49,138,114,19,0,0,0,1,4
Texas,2020,U.S. Census Bureau,2020 Decennial Census PL 94-171,P4,Population 18 years and over,Place,4846308,Manchaca CDP,1752,590,1162,996,36,2,54,5,11,58
Texas,2020,U.S. Census Bureau,2020 Decennial Census PL 94-171,P4,Population 18 years and over,Place,4846440,Manor city,9460,4796,4664,1978,2070,22,302,9,18,265
Texas,2020,U.S. Census Bureau,2020 Decennial Census PL 94-171,P4,Population 18 years and over,Place,4846452,Mansfield city,52551,8753,43798,27748,10746,184,2901,41,217,1961
Texas,2020,U.S. Census Bureau,2020 Decennial Census PL 94-171,P4,Population 18 years and over,Place,4846492,Manuel Garcia CDP,155,154,1,1,0,0,0,0,0,0
Texas,2020,U.S. Census Bureau,2020 Decennial Census PL 94-171,P4,Population 18 years and over,Place,4846494,Manuel Garcia II CDP,43,41,2,1,0,0,0,0,0,1
Texas,2020,U.S. Census Bureau,2020 Decennial Census PL 94-171,P4,Population 18 years and over,Place,4846500,Manvel city,7244,1652,5592,2990,1833,15,534,5,13,202
Texas,2020,U.S. Census Bureau,2020 Decennial Census PL 94-171,P4,Population 18 years and over,Place,4846572,Marathon CDP,353,148,205,197,0,3,3,0,0,2
Texas,2020,U.S. Census Bureau,2020 Decennial Census PL 94-171,P4,Population 18 years and over,Place,4846584,Marble Falls city,5480,1281,4199,3748,110,19,123,0,3,196
Texas,2020,U.S. Census Bureau,2020 Decennial Census PL 94-171,P4,Population 18 years and over,Place,4846620,Marfa city,1498,846,652,616,5,4,8,0,2,17
Texas,2020,U.S. Census Bureau,2020 Decennial Census PL 94-171,P4,Population 18 years and over,Place,4846668,Marietta town,91,5,86,76,5,1,0,0,0,4
Texas,2020,U.S. Census Bureau,2020 Decennial Census PL 94-171,P4,Population 18 years and over,Place,4846692,Marion city,790,351,439,377,48,0,4,1,0,9
Texas,2020,U.S. Census Bureau,2020 Decennial Census PL 94-171,P4,Population 18 years and over,Place,4846716,Markham CDP,691,245,446,365,50,2,0,0,5,24
Texas,2020,U.S. Census Bureau,2020 Decennial Census PL 94-171,P4,Population 18 years and over,Place,4846740,Marlin city,4188,989,3199,1375,1709,15,20,3,0,77
Texas,2020,U.S. Census Bureau,2020 Decennial Census PL 94-171,P4,Population 18 years and over,Place,4846752,Marquez city,131,23,108,94,7,0,0,0,3,4
Texas,2020,U.S. Census Bureau,2020 Decennial Census PL 94-171,P4,Population 18 years and over,Place,4846776,Marshall city,17710,3094,14616,7622,6291,67,162,5,97,372
Texas,2020,U.S. Census Bureau,2020 Decennial Census PL 94-171,P4,Population 18 years and over,Place,4846824,Mart city,1288,132,1156,757,333,10,1,0,1,54
Texas,2020,U.S. Census Bureau,2020 Decennial Census PL 94-171,P4,Population 18 years and over,Place,4846848,Martindale city,958,518,440,386,15,5,0,0,4,30
Texas,2020,U.S. Census Bureau,2020 Decennial Census PL 94-171,P4,Population 18 years and over,Place,4846854,Martinez CDP,32,29,3,2,0,0,0,0,1,0
Texas,2020,U.S. Census Bureau,2020 Decennial Census PL 94-171,P4,Population 18 years and over,Place,4846968,Mason city,1629,468,1161,1121,3,0,0,0,2,35
Texas,2020,U.S. Census Bureau,2020 Decennial Census PL 94-171,P4,Population 18 years and over,Place,4847004,Matador town,428,61,367,339,6,0,0,0,1,21
Texas,2020,U.S. Census Bureau,2020 Decennial Census PL 94-171,P4,Population 18 years and over,Place,4847016,Matagorda CDP,292,18,274,262,4,0,0,0,0,8
Texas,2020,U.S. Census Bureau,2020 Decennial Census PL 94-171,P4,Population 18 years and over,Place,4847040,Mathis city,3098,2725,373,295,44,0,0,0,15,19
Texas,2020,U.S. Census Bureau,2020 Decennial Census PL 94-171,P4,Population 18 years and over,Place,4847088,Maud city,701,34,667,607,32,5,1,0,0,22
Texas,2020,U.S. Census Bureau,2020 Decennial Census PL 94-171,P4,Population 18 years and over,Place,4847100,Mauriceville CDP,2254,172,2082,1957,12,10,11,0,1,91
Texas,2020,U.S. Census Bureau,2020 Decennial Census PL 94-171,P4,Population 18 years and over,Place,4847172,May CDP,212,24,188,180,0,0,0,0,1,7
Texas,2020,U.S. Census Bureau,2020 Decennial Census PL 94-171,P4,Population 18 years and over,Place,4847268,Maypearl city,673,136,537,445,35,13,9,0,0,35
Texas,2020,U.S. Census Bureau,2020 Decennial Census PL 94-171,P4,Population 18 years and over,Place,4845384,McAllen city,105543,89979,15564,10915,715,115,2891,12,260,656
Texas,2020,U.S. Census Bureau,2020 Decennial Census PL 94-171,P4,Population 18 years and over,Place,4845432,McCamey city,1330,835,495,418,38,1,2,0,1,35
Texas,2020,U.S. Census Bureau,2020 Decennial Census PL 94-171,P4,Population 18 years and over,Place,4845444,McCaulley CDP,58,2,56,55,0,0,1,0,0,0
Texas,2020,U.S. Census Bureau,2020 Decennial Census PL 94-171,P4,Population 18 years and over,Place,4845564,McDade CDP,547,192,355,330,4,1,0,0,2,18
Texas,2020,U.S. Census Bureau,2020 Decennial Census PL 94-171,P4,Population 18 years and over,Place,4845672,McGregor city,3795,1377,2418,1941,319,16,15,4,9,114
Texas,2020,U.S. Census Bureau,2020 Decennial Census PL 94-171,P4,Population 18 years and over,Place,4845750,McKinney Acres CDP,626,403,223,213,3,2,0,0,4,1
Texas,2020,U.S. Census Bureau,2020 Decennial Census PL 94-171,P4,Population 18 years and over,Place,4845744,McKinney city,140611,21917,118694,78622,17224,531,16534,131,492,5160
Texas,2020,U.S. Census Bureau,2020 Decennial Census PL 94-171,P4,Population 18 years and over,Place,4845780,McLean town,510,61,449,431,4,1,0,0,0,13
Texas,2020,U.S. Census Bureau,2020 Decennial Census PL 94-171,P4,Population 18 years and over,Place,4845804,McLendon-Chisholm city,2528,268,2260,1920,140,6,83,0,8,103
Texas,2020,U.S. Census Bureau,2020 Decennial Census PL 94-171,P4,Population 18 years and over,Place,4845816,McLeod CDP,241,4,237,211,1,0,1,0,0,24
Texas,2020,U.S. Census Bureau,2020 Decennial Census PL 94-171,P4,Population 18 years and over,Place,4845948,McQueeney CDP,1968,565,1403,1280,33,11,9,0,8,62
Texas,2020,U.S. Census Bureau,2020 Decennial Census PL 94-171,P4,Population 18 years and over,Place,4847316,Meadow town,436,297,139,128,0,0,0,0,0,11
Texas,2020,U.S. Census Bureau,2020 Decennial Census PL 94-171,P4,Population 18 years and over,Place,4847330,Meadowlakes city,1574,88,1486,1427,4,6,9,0,0,40
Texas,2020,U.S. Census Bureau,2020 Decennial Census PL 94-171,P4,Population 18 years and over,Place,4847337,Meadows Place city,3770,807,2963,1748,377,3,718,0,13,104
Texas,2020,U.S. Census Bureau,2020 Decennial Census PL 94-171,P4,Population 18 years and over,Place,4847406,Medina CDP,2597,2527,70,61,3,2,1,0,0,3
Texas,2020,U.S. Census Bureau,2020 Decennial Census PL 94-171,P4,Population 18 years and over,Place,4847460,Megargel town,132,13,119,105,0,4,1,0,0,9
Texas,2020,U.S. Census Bureau,2020 Decennial Census PL 94-171,P4,Population 18 years and over,Place,4847496,Melissa city,9194,1206,7988,6112,986,78,343,7,32,430
Texas,2020,U.S. Census Bureau,2020 Decennial Census PL 94-171,P4,Population 18 years and over,Place,4847568,Melvin town,107,56,51,47,0,0,0,0,0,4
Texas,2020,U.S. Census Bureau,2020 Decennial Census PL 94-171,P4,Population 18 years and over,Place,4847616,Memphis city,1569,481,1088,935,115,4,3,0,1,30
Texas,2020,U.S. Census Bureau,2020 Decennial Census PL 94-171,P4,Population 18 years and over,Place,4847628,Menard city,1072,456,616,572,10,6,4,2,3,19
Texas,2020,U.S. Census Bureau,2020 Decennial Census PL 94-171,P4,Population 18 years and over,Place,4847676,Mentone CDP,11,0,11,9,0,1,0,0,0,1
Texas,2020,U.S. Census Bureau,2020 Decennial Census PL 94-171,P4,Population 18 years and over,Place,4847700,Mercedes city,11253,10118,1135,1027,24,10,20,9,18,27
Texas,2020,U.S. Census Bureau,2020 Decennial Census PL 94-171,P4,Population 18 years and over,Place,4847760,Meridian city,1046,257,789,676,54,6,21,0,0,32
Texas,2020,U.S. Census Bureau,2020 Decennial Census PL 94-171,P4,Population 18 years and over,Place,4847796,Merkel town,1811,346,1465,1370,26,8,2,1,0,58
Texas,2020,U.S. Census Bureau,2020 Decennial Census PL 94-171,P4,Population 18 years and over,Place,4847820,Mertens town,118,31,87,76,3,0,0,0,0,8
Texas,2020,U.S. Census Bureau,2020 Decennial Census PL 94-171,P4,Population 18 years and over,Place,4847832,Mertzon city,582,196,386,370,4,1,0,1,0,10
Texas,2020,U.S. Census Bureau,2020 Decennial Census PL 94-171,P4,Population 18 years and over,Place,4847898,Mesquite CDP,357,348,9,8,0,0,0,0,1,0
Texas,2020,U.S. Census Bureau,2020 Decennial Census PL 94-171,P4,Population 18 years and over,Place,4847892,Mesquite city,108488,43373,65115,32488,25819,371,3551,54,287,2545
Texas,2020,U.S. Census Bureau,2020 Decennial Census PL 94-171,P4,Population 18 years and over,Place,4847916,Mexia city,5056,1444,3612,1882,1600,14,20,2,9,85
Texas,2020,U.S. Census Bureau,2020 Decennial Census PL 94-171,P4,Population 18 years and over,Place,4848750,Mi Ranchito Estate CDP,272,271,1,1,0,0,0,0,0,0
Texas,2020,U.S. Census Bureau,2020 Decennial Census PL 94-171,P4,Population 18 years and over,Place,4847988,Miami city,406,22,384,356,0,2,0,0,0,26
Texas,2020,U.S. Census Bureau,2020 Decennial Census PL 94-171,P4,Population 18 years and over,Place,4848048,Midfield CDP,233,130,103,100,0,0,2,0,0,1
Texas,2020,U.S. Census Bureau,2020 Decennial Census PL 94-171,P4,Population 18 years and over,Place,4848072,Midland city,96467,37248,59219,46449,7331,421,2399,88,327,2204
Texas,2020,U.S. Census Bureau,2020 Decennial Census PL 94-171,P4,Population 18 years and over,Place,4848096,Midlothian city,25071,3516,21555,18001,2173,122,277,15,72,895
Texas,2020,U.S. Census Bureau,2020 Decennial Census PL 94-171,P4,Population 18 years and over,Place,4848272,Midway North CDP,2985,2946,39,30,0,1,0,0,7,1
Texas,2020,U.S. Census Bureau,2020 Decennial Census PL 94-171,P4,Population 18 years and over,Place,4848280,Midway South CDP,1555,1509,46,31,1,2,10,0,0,2
Texas,2020,U.S. Census Bureau,2020 Decennial Census PL 94-171,P4,Population 18 years and over,Place,4848180,Midway city,140,14,126,99,21,2,0,0,0,4
Texas,2020,U.S. Census Bureau,2020 Decennial Census PL 94-171,P4,Population 18 years and over,Place,4848315,Miguel Barrera CDP,92,92,0,0,0,0,0,0,0,0
Texas,2020,U.S. Census Bureau,2020 Decennial Census PL 94-171,P4,Population 18 years and over,Place,4848318,Mikes CDP,616,613,3,1,0,0,0,0,2,0
Texas,2020,U.S. Census Bureau,2020 Decennial Census PL 94-171,P4,Population 18 years and over,Place,4848320,Mila Doce CDP,3985,3929,56,44,0,4,0,0,8,0
Texas,2020,U.S. Census Bureau,2020 Decennial Census PL 94-171,P4,Population 18 years and over,Place,4848324,Milam CDP,1133,38,1095,1000,39,3,8,0,5,40
Texas,2020,U.S. Census Bureau,2020 Decennial Census PL 94-171,P4,Population 18 years and over,Place,4848336,Milano city,287,39,248,221,21,0,1,0,0,5
Texas,2020,U.S. Census Bureau,2020 Decennial Census PL 94-171,P4,Population 18 years and over,Place,4848372,Mildred town,301,48,253,225,3,6,2,0,0,17
Texas,2020,U.S. Census Bureau,2020 Decennial Census PL 94-171,P4,Population 18 years and over,Place,4848396,Miles city,639,250,389,371,2,1,0,0,0,15
Texas,2020,U.S. Census Bureau,2020 Decennial Census PL 94-171,P4,Population 18 years and over,Place,4848408,Milford town,526,99,427,284,117,6,5,1,0,14
Texas,2020,U.S. Census Bureau,2020 Decennial Census PL 94-171,P4,Population 18 years and over,Place,4848478,Miller's Cove town,49,41,8,5,0,1,0,0,0,2
Texas,2020,U.S. Census Bureau,2020 Decennial Census PL 94-171,P4,Population 18 years and over,Place,4848564,Millsap town,287,55,232,219,2,1,0,0,0,10
Texas,2020,U.S. Census Bureau,2020 Decennial Census PL 94-171,P4,Population 18 years and over,Place,4848648,Mineola city,3734,702,3032,2542,354,8,22,0,3,103
Texas,2020,U.S. Census Bureau,2020 Decennial Census PL 94-171,P4,Population 18 years and over,Place,4848684,Mineral Wells city,11005,2615,8390,7453,378,64,119,6,27,343
Texas,2020,U.S. Census Bureau,2020 Decennial Census PL 94-171,P4,Population 18 years and over,Place,4848720,Mingus city,178,16,162,150,1,0,0,0,0,11
Texas,2020,U.S. Census Bureau,2020 Decennial Census PL 94-171,P4,Population 18 years and over,Place,4848756,Mirando City CDP,173,164,9,6,0,0,2,0,0,1
Texas,2020,U.S. Census Bureau,2020 Decennial Census PL 94-171,P4,Population 18 years and over,Place,4848772,Mission Bend CDP,27895,12004,15891,3096,7339,35,4879,6,105,431
Texas,2020,U.S. Census Bureau,2020 Decennial Census PL 94-171,P4,Population 18 years and over,Place,4848768,Mission city,61359,53098,8261,6623,268,38,956,6,92,278
Texas,2020,U.S. Census Bureau,2020 Decennial Census PL 94-171,P4,Population 18 years and over,Place,4848804,Missouri City city,58132,9865,48267,11998,23536,55,11088,19,251,1320
Texas,2020,U.S. Census Bureau,2020 Decennial Census PL 94-171,P4,Population 18 years and over,Place,4848852,Mobeetie city,72,0,72,72,0,0,0,0,0,0
Texas,2020,U.S. Census Bureau,2020 Decennial Census PL 94-171,P4,Population 18 years and over,Place,4848858,Mobile City city,84,60,24,20,0,1,0,0,0,3
Texas,2020,U.S. Census Bureau,2020 Decennial Census PL 94-171,P4,Population 18 years and over,Place,4848936,Monahans city,5686,3049,2637,2190,275,20,39,0,13,100
Texas,2020,U.S. Census Bureau,2020 Decennial Census PL 94-171,P4,Population 18 years and over,Place,4849068,Mont Belvieu city,5319,660,4659,4107,181,31,135,0,29,176
Texas,2020,U.S. Census Bureau,2020 Decennial Census PL 94-171,P4,Population 18 years and over,Place,4849032,Montague CDP,206,7,199,194,0,1,0,0,1,3
Texas,2020,U.S. Census Bureau,2020 Decennial Census PL 94-171,P4,Population 18 years and over,Place,4849080,Monte Alto CDP,1366,1336,30,17,0,0,3,0,0,10
Texas,2020,U.S. Census Bureau,2020 Decennial Census PL 94-171,P4,Population 18 years and over,Place,4849128,Montgomery city,1428,115,1313,1103,137,0,14,1,8,50
Texas,2020,U.S. Census Bureau,2020 Decennial Census PL 94-171,P4,Population 18 years and over,Place,4849200,Moody city,1015,226,789,675,59,1,2,0,1,51
Texas,2020,U.S. Census Bureau,2020 Decennial Census PL 94-171,P4,Population 18 years and over,Place,4849224,Moore CDP,463,245,218,196,12,1,1,0,1,7
Texas,2020,U.S. Census Bureau,2020 Decennial Census PL 94-171,P4,Population 18 years and over,Place,4849272,Moore Station city,135,0,135,11,121,0,0,0,1,2
Texas,2020,U.S. Census Bureau,2020 Decennial Census PL 94-171,P4,Population 18 years and over,Place,4849300,Moraida CDP,137,137,0,0,0,0,0,0,0,0
Texas,2020,U.S. Census Bureau,2020 Decennial Census PL 94-171,P4,Population 18 years and over,Place,4849314,Morales-Sanchez CDP,36,32,4,3,1,0,0,0,0,0
Texas,2020,U.S. Census Bureau,2020 Decennial Census PL 94-171,P4,Population 18 years and over,Place,4849320,Moran city,173,8,165,162,0,0,0,0,0,3
Texas,2020,U.S. Census Bureau,2020 Decennial Census PL 94-171,P4,Population 18 years and over,Place,4849359,Morgan Farm CDP,440,310,130,118,4,0,0,0,1,7
Texas,2020,U.S. Census Bureau,2020 Decennial Census PL 94-171,P4,Population 18 years and over,Place,4849356,Morgan city,331,165,166,151,4,1,0,0,0,10
Texas,2020,U.S. Census Bureau,2020 Decennial Census PL 94-171,P4,Population 18 years and over,Place,4849392,Morgan's Point Resort city,3572,482,3090,2833,55,29,18,1,11,143
Texas,2020,U.S. Census Bureau,2020 Decennial Census PL 94-171,P4,Population 18 years and over,Place,4849380,Morgan's Point city,204,44,160,144,6,1,1,0,0,8
Texas,2020,U.S. Census Bureau,2020 Decennial Census PL 94-171,P4,Population 18 years and over,Place,4849411,Morning Glory CDP,407,395,12,11,0,0,0,0,0,1
Texas,2020,U.S. Census Bureau,2020 Decennial Census PL 94-171,P4,Population 18 years and over,Place,4849440,Morse CDP,113,43,70,66,0,2,0,0,2,0
Texas,2020,U.S. Census Bureau,2020 Decennial Census PL 94-171,P4,Population 18 years and over,Place,4849464,Morton city,1205,821,384,320,50,0,0,0,0,14
Texas,2020,U.S. Census Bureau,2020 Decennial Census PL 94-171,P4,Population 18 years and over,Place,4849512,Mosheim CDP,35,7,28,28,0,0,0,0,0,0
Texas,2020,U.S. Census Bureau,2020 Decennial Census PL 94-171,P4,Population 18 years and over,Place,4849560,Moulton town,663,162,501,474,10,1,0,0,0,16
Texas,2020,U.S. Census Bureau,2020 Decennial Census PL 94-171,P4,Population 18 years and over,Place,4849572,Mound CDP,132,5,127,113,1,1,0,0,0,12
Texas,2020,U.S. Census Bureau,2020 Decennial Census PL 94-171,P4,Population 18 years and over,Place,4849692,Mount Calm city,208,28,180,153,15,0,0,0,0,12
Texas,2020,U.S. Census Bureau,2020 Decennial Census PL 94-171,P4,Population 18 years and over,Place,4849728,Mount Enterprise city,373,38,335,288,36,0,1,0,0,10
Texas,2020,U.S. Census Bureau,2020 Decennial Census PL 94-171,P4,Population 18 years and over,Place,4849800,Mount Pleasant city,11369,5633,5736,3688,1655,38,126,2,31,196
Texas,2020,U.S. Census Bureau,2020 Decennial Census PL 94-171,P4,Population 18 years and over,Place,4849860,Mount Vernon town,1849,297,1552,1242,214,11,9,0,13,63
Texas,2020,U.S. Census Bureau,2020 Decennial Census PL 94-171,P4,Population 18 years and over,Place,4849600,Mountain City city,508,111,397,381,0,0,3,2,0,11
Texas,2020,U.S. Census Bureau,2020 Decennial Census PL 94-171,P4,Population 18 years and over,Place,4849932,Muenster city,1137,67,1070,1009,5,11,3,0,7,35
Texas,2020,U.S. Census Bureau,2020 Decennial Census PL 94-171,P4,Population 18 years and over,Place,4849968,Muleshoe city,3610,2409,1201,1115,29,10,8,0,12,27
Texas,2020,U.S. Census Bureau,2020 Decennial Census PL 94-171,P4,Population 18 years and over,Place,4849992,Mullin town,107,17,90,84,0,0,0,0,0,6
Texas,2020,U.S. Census Bureau,2020 Decennial Census PL 94-171,P4,Population 18 years and over,Place,4850040,Munday city,902,351,551,447,65,3,4,0,2,30
Texas,2020,U.S. Census Bureau,2020 Decennial Census PL 94-171,P4,Population 18 years and over,Place,4850058,Muniz CDP,997,977,20,12,1,5,1,0,0,1
Texas,2020,U.S. Census Bureau,2020 Decennial Census PL 94-171,P4,Population 18 years and over,Place,4850076,Murchison city,396,51,345,312,9,0,8,0,0,16
Texas,2020,U.S. Census Bureau,2020 Decennial Census PL 94-171,P4,Population 18 years and over,Place,4850092,Murillo CDP,5995,5778,217,150,4,7,39,0,7,10
Texas,2020,U.S. Census Bureau,2020 Decennial Census PL 94-171,P4,Population 18 years and over,Place,4850100,Murphy city,14666,1122,13544,7131,1489,37,4398,12,62,415
Texas,2020,U.S. Census Bureau,2020 Decennial Census PL 94-171,P4,Population 18 years and over,Place,4850200,Mustang Ridge city,680,463,217,184,5,1,7,1,2,17
Texas,2020,U.S. Census Bureau,2020 Decennial Census PL 94-171,P4,Population 18 years and over,Place,4850184,Mustang town,0,0,0,0,0,0,0,0,0,0
Texas,2020,U.S. Census Bureau,2020 Decennial Census PL 94-171,P4,Population 18 years and over,Place,4850220,Myra CDP,160,6,154,148,0,0,0,0,0,6
Texas,2020,U.S. Census Bureau,2020 Decennial Census PL 94-171,P4,Population 18 years and over,Place,4850232,Myrtle Springs CDP,779,60,719,684,4,2,0,0,1,28
Texas,2020,U.S. Census Bureau,2020 Decennial Census PL 94-171,P4,Population 18 years and over,Place,4850256,Nacogdoches city,25683,4542,21141,13620,6207,80,423,3,76,732
Texas,2020,U.S. Census Bureau,2020 Decennial Census PL 94-171,P4,Population 18 years and over,Place,4850268,Nada CDP,193,21,172,167,0,0,0,0,0,5
Texas,2020,U.S. Census Bureau,2020 Decennial Census PL 94-171,P4,Population 18 years and over,Place,4850316,Naples city,1038,52,986,648,269,11,6,3,0,49
Texas,2020,U.S. Census Bureau,2020 Decennial Census PL 94-171,P4,Population 18 years and over,Place,4850322,Narciso Pena CDP,30,27,3,3,0,0,0,0,0,0
Texas,2020,U.S. Census Bureau,2020 Decennial Census PL 94-171,P4,Population 18 years and over,Place,4850352,Nash city,2836,378,2458,1469,817,10,24,0,17,121
Texas,2020,U.S. Census Bureau,2020 Decennial Census PL 94-171,P4,Population 18 years and over,Place,4850376,Nassau Bay city,4360,812,3548,2907,261,18,194,0,16,152
Texas,2020,U.S. Census Bureau,2020 Decennial Census PL 94-171,P4,Population 18 years and over,Place,4850400,Natalia city,889,748,141,124,5,2,3,2,0,5
Texas,2020,U.S. Census Bureau,2020 Decennial Census PL 94-171,P4,Population 18 years and over,Place,4850448,Navarro town,154,17,137,123,1,0,0,0,2,11
Texas,2020,U.S. Census Bureau,2020 Decennial Census PL 94-171,P4,Population 18 years and over,Place,4850472,Navasota city,5641,2090,3551,1888,1514,8,20,1,13,107
Texas,2020,U.S. Census Bureau,2020 Decennial Census PL 94-171,P4,Population 18 years and over,Place,4850496,Nazareth city,232,13,219,217,0,0,0,0,0,2
Texas,2020,U.S. Census Bureau,2020 Decennial Census PL 94-171,P4,Population 18 years and over,Place,4850544,Neches CDP,196,4,192,171,6,0,3,0,2,10
Texas,2020,U.S. Census Bureau,2020 Decennial Census PL 94-171,P4,Population 18 years and over,Place,4850580,Nederland city,14390,2106,12284,10618,572,54,618,7,40,375
Texas,2020,U.S. Census Bureau,2020 Decennial Census PL 94-171,P4,Population 18 years and over,Place,4850628,Needville city,2277,602,1675,1397,194,1,17,0,3,63
Texas,2020,U.S. Census Bureau,2020 Decennial Census PL 94-171,P4,Population 18 years and over,Place,4850724,Nesbitt town,221,9,212,167,30,3,1,2,0,9
Texas,2020,U.S. Census Bureau,2020 Decennial Census PL 94-171,P4,Population 18 years and over,Place,4850742,Netos CDP,16,15,1,0,1,0,0,0,0,0
Texas,2020,U.S. Census Bureau,2020 Decennial Census PL 94-171,P4,Population 18 years and over,Place,4850760,Nevada city,992,127,865,791,22,7,12,0,2,31
Texas,2020,U.S. Census Bureau,2020 Decennial Census PL 94-171,P4,Population 18 years and over,Place,4850796,New Berlin city,545,61,484,458,4,3,1,0,1,17
Texas,2020,U.S. Census Bureau,2020 Decennial Census PL 94-171,P4,Population 18 years and over,Place,4850808,New Boston city,3396,174,3222,2252,697,25,34,4,11,199
Texas,2020,U.S. Census Bureau,2020 Decennial Census PL 94-171,P4,Population 18 years and over,Place,4850820,New Braunfels city,68164,21360,46804,41461,1853,187,986,99,216,2002
Texas,2020,U.S. Census Bureau,2020 Decennial Census PL 94-171,P4,Population 18 years and over,Place,4850876,New Chapel Hill city,474,66,408,379,10,7,0,1,2,9
Texas,2020,U.S. Census Bureau,2020 Decennial Census PL 94-171,P4,Population 18 years and over,Place,4850916,New Deal town,537,190,347,328,8,0,0,0,2,9
Texas,2020,U.S. Census Bureau,2020 Decennial Census PL 94-171,P4,Population 18 years and over,Place,4850920,New Fairview city,1013,269,744,674,12,9,8,0,7,34
Texas,2020,U.S. Census Bureau,2020 Decennial Census PL 94-171,P4,Population 18 years and over,Place,4850924,New Falcon CDP,78,78,0,0,0,0,0,0,0,0
Texas,2020,U.S. Census Bureau,2020 Decennial Census PL 94-171,P4,Population 18 years and over,Place,4851012,New Home city,249,121,128,121,0,0,0,0,2,5
Texas,2020,U.S. Census Bureau,2020 Decennial Census PL 94-171,P4,Population 18 years and over,Place,4851036,New Hope town,535,67,468,418,0,6,2,1,0,41
Texas,2020,U.S. Census Bureau,2020 Decennial Census PL 94-171,P4,Population 18 years and over,Place,4851168,New London city,739,73,666,557,61,4,7,1,2,34
Texas,2020,U.S. Census Bureau,2020 Decennial Census PL 94-171,P4,Population 18 years and over,Place,4851336,New Summerfield city,579,413,166,153,8,1,0,0,0,4
Texas,2020,U.S. Census Bureau,2020 Decennial Census PL 94-171,P4,Population 18 years and over,Place,4851384,New Ulm CDP,239,35,204,196,5,0,0,0,1,2
Texas,2020,U.S. Census Bureau,2020 Decennial Census PL 94-171,P4,Population 18 years and over,Place,4851396,New Waverly city,656,77,579,394,155,4,8,0,2,16
Texas,2020,U.S. Census Bureau,2020 Decennial Census PL 94-171,P4,Population 18 years and over,Place,4850772,Newark city,780,200,580,525,10,8,4,0,4,29
Texas,2020,U.S. Census Bureau,2020 Decennial Census PL 94-171,P4,Population 18 years and over,Place,4850868,Newcastle city,384,39,345,318,3,2,0,0,0,22
Texas,2020,U.S. Census Bureau,2020 Decennial Census PL 94-171,P4,Population 18 years and over,Place,4851372,Newton city,1213,38,1175,808,317,9,1,0,3,37
Texas,2020,U.S. Census Bureau,2020 Decennial Census PL 94-171,P4,Population 18 years and over,Place,4851444,Neylandville town,52,4,48,19,27,0,2,0,0,0
Texas,2020,U.S. Census Bureau,2020 Decennial Census PL 94-171,P4,Population 18 years and over,Place,4851492,Niederwald city,497,250,247,225,14,0,4,0,1,3
Texas,2020,U.S. Census Bureau,2020 Decennial Census PL 94-171,P4,Population 18 years and over,Place,4851552,Nina CDP,97,95,2,2,0,0,0,0,0,0
Texas,2020,U.S. Census Bureau,2020 Decennial Census PL 94-171,P4,Population 18 years and over,Place,4851588,Nixon city,1602,1251,351,269,45,0,9,0,2,26
Texas,2020,U.S. Census Bureau,2020 Decennial Census PL 94-171,P4,Population 18 years and over,Place,4851654,Nocona Hills CDP,560,23,537,495,3,3,3,1,3,29
Texas,2020,U.S. Census Bureau,2020 Decennial Census PL 94-171,P4,Population 18 years and over,Place,4851648,Nocona city,2252,421,1831,1697,9,14,27,0,2,82
Texas,2020,U.S. Census Bureau,2020 Decennial Census PL 94-171,P4,Population 18 years and over,Place,4851708,Nolanville city,4210,890,3320,2179,733,32,93,39,18,226
Texas,2020,U.S. Census Bureau,2020 Decennial Census PL 94-171,P4,Population 18 years and over,Place,4851720,Nome city,383,32,351,286,47,6,0,0,3,9
Texas,2020,U.S. Census Bureau,2020 Decennial Census PL 94-171,P4,Population 18 years and over,Place,4851756,Noonday city,505,46,459,382,49,3,6,0,6,13
Texas,2020,U.S. Census Bureau,2020 Decennial Census PL 94-171,P4,Population 18 years and over,Place,4851792,Nordheim city,260,85,175,159,6,1,1,0,1,7
Texas,2020,U.S. Census Bureau,2020 Decennial Census PL 94-171,P4,Population 18 years and over,Place,4851828,Normandy CDP,46,39,7,6,0,0,1,0,0,0
Texas,2020,U.S. Census Bureau,2020 Decennial Census PL 94-171,P4,Population 18 years and over,Place,4851840,Normangee town,388,68,320,250,48,1,2,0,2,17
Texas,2020,U.S. Census Bureau,2020 Decennial Census PL 94-171,P4,Population 18 years and over,Place,4851852,Normanna CDP,82,40,42,35,0,0,0,0,0,7
Texas,2020,U.S. Census Bureau,2020 Decennial Census PL 94-171,P4,Population 18 years and over,Place,4851900,North Alamo CDP,2612,2395,217,200,2,3,1,1,6,4
Texas,2020,U.S. Census Bureau,2020 Decennial Census PL 94-171,P4,Population 18 years and over,Place,4851984,North Cleveland city,169,60,109,96,0,1,0,0,0,12
Texas,2020,U.S. Census Bureau,2020 Decennial Census PL 94-171,P4,Population 18 years and over,Place,4852068,North Escobares CDP,108,106,2,2,0,0,0,0,0,0
Texas,2020,U.S. Census Bureau,2020 Decennial Census PL 94-171,P4,Population 18 years and over,Place,4852302,North Pearsall CDP,546,460,86,82,0,2,0,0,0,2
Texas,2020,U.S. Census Bureau,2020 Decennial Census PL 94-171,P4,Population 18 years and over,Place,4852356,North Richland Hills city,54384,8832,45552,37247,3400,212,2301,124,187,2081
Texas,2020,U.S. Census Bureau,2020 Decennial Census PL 94-171,P4,Population 18 years and over,Place,4852404,North San Pedro CDP,568,551,17,16,0,0,0,0,0,1
Texas,2020,U.S. Census Bureau,2020 Decennial Census PL 94-171,P4,Population 18 years and over,Place,4852212,Northlake town,3911,519,3392,2692,274,27,237,4,1,157
Texas,2020,U.S. Census Bureau,2020 Decennial Census PL 94-171,P4,Population 18 years and over,Place,4852668,Novice city,108,4,104,97,0,0,3,0,0,4
Texas,2020,U.S. Census Bureau,2020 Decennial Census PL 94-171,P4,Population 18 years and over,Place,4853304,O'Brien city,76,30,46,42,0,0,0,0,0,4
Texas,2020,U.S. Census Bureau,2020 Decennial Census PL 94-171,P4,Population 18 years and over,Place,4853436,O'Donnell city,519,343,176,166,5,0,0,0,0,5
Texas,2020,U.S. Census Bureau,2020 Decennial Census PL 94-171,P4,Population 18 years and over,Place,4852902,Oak Grove town,487,50,437,411,15,1,0,0,0,10
Texas,2020,U.S. Census Bureau,2020 Decennial Census PL 94-171,P4,Population 18 years and over,Place,4853004,Oak Island CDP,299,47,252,171,9,0,57,0,1,14
Texas,2020,U.S. Census Bureau,2020 Decennial Census PL 94-171,P4,Population 18 years and over,Place,4853115,Oak Leaf city,1200,166,1034,791,165,7,17,0,3,51
Texas,2020,U.S. Census Bureau,2020 Decennial Census PL 94-171,P4,Population 18 years and over,Place,4853130,Oak Point city,3378,497,2881,2392,217,19,68,1,17,167
Texas,2020,U.S. Census Bureau,2020 Decennial Census PL 94-171,P4,Population 18 years and over,Place,4853190,Oak Ridge North city,2437,308,2129,1928,46,1,68,2,9,75
Texas,2020,U.S. Census Bureau,2020 Decennial Census PL 94-171,P4,Population 18 years and over,Place,4853154,Oak Ridge town (Cooke County),165,23,142,131,0,1,2,0,0,8
Texas,2020,U.S. Census Bureau,2020 Decennial Census PL 94-171,P4,Population 18 years and over,Place,4853160,Oak Ridge town (Kaufman County),565,111,454,374,60,0,2,0,1,17
Texas,2020,U.S. Census Bureau,2020 Decennial Census PL 94-171,P4,Population 18 years and over,Place,4853212,Oak Trail Shores CDP,2156,679,1477,1346,14,13,9,0,6,89
Texas,2020,U.S. Census Bureau,2020 Decennial Census PL 94-171,P4,Population 18 years and over,Place,4853217,Oak Valley town,311,46,265,241,5,0,0,0,2,17
Texas,2020,U.S. Census Bureau,2020 Decennial Census PL 94-171,P4,Population 18 years and over,Place,4852992,Oakhurst CDP,119,1,118,94,19,0,0,0,1,4
Texas,2020,U.S. Census Bureau,2020 Decennial Census PL 94-171,P4,Population 18 years and over,Place,4853232,Oakwood town,291,7,284,172,95,0,4,0,1,12
Texas,2020,U.S. Census Bureau,2020 Decennial Census PL 94-171,P4,Population 18 years and over,Place,4853376,Odem city,1693,1339,354,312,12,4,4,0,1,21
Texas,2020,U.S. Census Bureau,2020 Decennial Census PL 94-171,P4,Population 18 years and over,Place,4853388,Odessa city,83935,44385,39550,30118,5231,340,1915,158,220,1568
Texas,2020,U.S. Census Bureau,2020 Decennial Census PL 94-171,P4,Population 18 years and over,Place,4853520,Oglesby city,344,65,279,266,5,0,2,0,0,6
Texas,2020,U.S. Census Bureau,2020 Decennial Census PL 94-171,P4,Population 18 years and over,Place,4853556,Oilton CDP,186,178,8,6,1,0,1,0,0,0
Texas,2020,U.S. Census Bureau,2020 Decennial Census PL 94-171,P4,Population 18 years and over,Place,4853616,Oklaunion CDP,66,12,54,49,1,1,2,0,0,1
Texas,2020,U.S. Census Bureau,2020 Decennial Census PL 94-171,P4,Population 18 years and over,Place,4853824,Old River-Winfree city,942,136,806,720,36,3,3,0,4,40
Texas,2020,U.S. Census Bureau,2020 Decennial Census PL 94-171,P4,Population 18 years and over,Place,4853934,Olivarez CDP,2848,2775,73,56,1,0,4,0,7,5
Texas,2020,U.S. Census Bureau,2020 Decennial Census PL 94-171,P4,Population 18 years and over,Place,4853946,Olivia Lopez de Gutierrez CDP,42,42,0,0,0,0,0,0,0,0
Texas,2020,U.S. Census Bureau,2020 Decennial Census PL 94-171,P4,Population 18 years and over,Place,4853964,Olmito CDP,752,713,39,33,2,0,0,0,2,2
Texas,2020,U.S. Census Bureau,2020 Decennial Census PL 94-171,P4,Population 18 years and over,Place,4853970,Olmito and Olmito CDP,198,193,5,5,0,0,0,0,0,0
Texas,2020,U.S. Census Bureau,2020 Decennial Census PL 94-171,P4,Population 18 years and over,Place,4853988,Olmos Park city,1690,358,1332,1235,19,5,25,0,6,42
Texas,2020,U.S. Census Bureau,2020 Decennial Census PL 94-171,P4,Population 18 years and over,Place,4854000,Olney city,2264,465,1799,1626,65,8,20,0,4,76
Texas,2020,U.S. Census Bureau,2020 Decennial Census PL 94-171,P4,Population 18 years and over,Place,4854012,Olton city,1402,1048,354,339,6,0,0,1,0,8
Texas,2020,U.S. Census Bureau,2020 Decennial Census PL 94-171,P4,Population 18 years and over,Place,4854024,Omaha city,720,53,667,514,120,7,3,1,1,21
Texas,2020,U.S. Census Bureau,2020 Decennial Census PL 94-171,P4,Population 18 years and over,Place,4854048,Onalaska city,2396,157,2239,2011,68,18,13,0,11,118
Texas,2020,U.S. Census Bureau,2020 Decennial Census PL 94-171,P4,Population 18 years and over,Place,4854075,Opdyke West town,171,52,119,108,3,3,0,0,0,5
Texas,2020,U.S. Census Bureau,2020 Decennial Census PL 94-171,P4,Population 18 years and over,Place,4854168,Orange Grove city,857,406,451,421,4,6,1,0,0,19
Texas,2020,U.S. Census Bureau,2020 Decennial Census PL 94-171,P4,Population 18 years and over,Place,4854132,Orange city,14670,1269,13401,7736,4891,55,261,3,36,419
Texas,2020,U.S. Census Bureau,2020 Decennial Census PL 94-171,P4,Population 18 years and over,Place,4854186,Orason CDP,73,59,14,11,1,0,0,0,0,2
Texas,2020,U.S. Census Bureau,2020 Decennial Census PL 94-171,P4,Population 18 years and over,Place,4854192,Orchard city,267,123,144,133,7,2,2,0,0,0
Texas,2020,U.S. Census Bureau,2020 Decennial Census PL 94-171,P4,Population 18 years and over,Place,4854216,Ore City city,778,109,669,552,50,19,6,0,0,42
Texas,2020,U.S. Census Bureau,2020 Decennial Census PL 94-171,P4,Population 18 years and over,Place,4854432,Overton city,1691,75,1616,1266,266,9,12,0,6,57
Texas,2020,U.S. Census Bureau,2020 Decennial Census PL 94-171,P4,Population 18 years and over,Place,4854444,Ovilla city,3380,396,2984,2281,512,12,33,0,6,140
Texas,2020,U.S. Census Bureau,2020 Decennial Census PL 94-171,P4,Population 18 years and over,Place,4854509,Owl Ranch CDP,136,126,10,7,3,0,0,0,0,0
Texas,2020,U.S. Census Bureau,2020 Decennial Census PL 94-171,P4,Population 18 years and over,Place,4854528,Oyster Creek city,897,261,636,569,28,4,5,1,6,23
Texas,2020,U.S. Census Bureau,2020 Decennial Census PL 94-171,P4,Population 18 years and over,Place,4854552,Ozona CDP,2056,1340,716,661,13,6,3,0,4,29
Texas,2020,U.S. Census Bureau,2020 Decennial Census PL 94-171,P4,Population 18 years and over,Place,4854558,Pablo Pena CDP,65,65,0,0,0,0,0,0,0,0
Texas,2020,U.S. Census Bureau,2020 Decennial Census PL 94-171,P4,Population 18 years and over,Place,4854600,Paducah town,847,214,633,541,67,2,0,0,0,23
Texas,2020,U.S. Census Bureau,2020 Decennial Census PL 94-171,P4,Population 18 years and over,Place,4854624,Paige CDP,209,74,135,122,6,3,0,1,1,2
Texas,2020,U.S. Census Bureau,2020 Decennial Census PL 94-171,P4,Population 18 years and over,Place,4854636,Paint Rock town,169,30,139,136,1,0,0,0,1,1
Texas,2020,U.S. Census Bureau,2020 Decennial Census PL 94-171,P4,Population 18 years and over,Place,4854666,Paisano Park CDP,76,60,16,13,0,0,0,0,1,2
Texas,2020,U.S. Census Bureau,2020 Decennial Census PL 94-171,P4,Population 18 years and over,Place,4854684,Palacios city,3226,1883,1343,859,97,1,341,1,7,37
Texas,2020,U.S. Census Bureau,2020 Decennial Census PL 94-171,P4,Population 18 years and over,Place,4854708,Palestine city,13684,2980,10704,6918,3190,54,140,3,33,366
Texas,2020,U.S. Census Bureau,2020 Decennial Census PL 94-171,P4,Population 18 years and over,Place,4854726,Palisades village,214,22,192,175,0,4,1,0,0,12
Texas,2020,U.S. Census Bureau,2020 Decennial Census PL 94-171,P4,Population 18 years and over,Place,4854798,Palm Valley city,1192,457,735,669,12,1,23,3,3,24
Texas,2020,U.S. Census Bureau,2020 Decennial Census PL 94-171,P4,Population 18 years and over,Place,4854748,Palmer CDP,648,633,15,10,1,0,0,0,3,1
Texas,2020,U.S. Census Bureau,2020 Decennial Census PL 94-171,P4,Population 18 years and over,Place,4854744,Palmer town,1649,538,1111,998,34,7,3,0,2,67
Texas,2020,U.S. Census Bureau,2020 Decennial Census PL 94-171,P4,Population 18 years and over,Place,4854780,Palmhurst city,1975,1584,391,338,8,1,37,0,0,7
Texas,2020,U.S. Census Bureau,2020 Decennial Census PL 94-171,P4,Population 18 years and over,Place,4854810,Palmview South CDP,1432,1317,115,104,0,0,2,0,3,6
Texas,2020,U.S. Census Bureau,2020 Decennial Census PL 94-171,P4,Population 18 years and over,Place,4854804,Palmview city,11457,10458,999,934,15,7,4,0,12,27
Texas,2020,U.S. Census Bureau,2020 Decennial Census PL 94-171,P4,Population 18 years and over,Place,4854846,Palo Blanco CDP,176,176,0,0,0,0,0,0,0,0
Texas,2020,U.S. Census Bureau,2020 Decennial Census PL 94-171,P4,Population 18 years and over,Place,4854876,Palo Pinto CDP,235,41,194,172,6,2,5,1,1,7
Texas,2020,U.S. Census Bureau,2020 Decennial Census PL 94-171,P4,Population 18 years and over,Place,4854868,Paloma Creek CDP,2095,384,1711,1051,493,13,50,7,11,86
Texas,2020,U.S. Census Bureau,2020 Decennial Census PL 94-171,P4,Population 18 years and over,Place,4854872,Paloma Creek South CDP,6545,972,5573,2910,1956,25,344,5,47,286
Texas,2020,U.S. Census Bureau,2020 Decennial Census PL 94-171,P4,Population 18 years and over,Place,4854912,Pampa city,12400,3354,9046,8105,333,86,96,0,28,398
Texas,2020,U.S. Census Bureau,2020 Decennial Census PL 94-171,P4,Population 18 years and over,Place,4854960,Panhandle town,1771,175,1596,1483,10,12,7,0,3,81
Texas,2020,U.S. Census Bureau,2020 Decennial Census PL 94-171,P4,Population 18 years and over,Place,4855008,Panorama Village city,2076,145,1931,1793,41,2,13,1,17,64
Texas,2020,U.S. Census Bureau,2020 Decennial Census PL 94-171,P4,Population 18 years and over,Place,4855020,Pantego town,2060,178,1882,1626,102,8,44,0,10,92
Texas,2020,U.S. Census Bureau,2020 Decennial Census PL 94-171,P4,Population 18 years and over,Place,4855056,Paradise city,356,34,322,304,4,2,2,0,1,9
Texas,2020,U.S. Census Bureau,2020 Decennial Census PL 94-171,P4,Population 18 years and over,Place,4855080,Paris city,18683,1758,16925,11423,4170,238,258,11,39,786
Texas,2020,U.S. Census Bureau,2020 Decennial Census PL 94-171,P4,Population 18 years and over,Place,4855152,Parker city,4025,422,3603,2474,232,7,742,0,12,136
Texas,2020,U.S. Census Bureau,2020 Decennial Census PL 94-171,P4,Population 18 years and over,Place,4856000,Pasadena city,111088,70617,40471,31906,3493,209,2714,36,325,1788
Texas,2020,U.S. Census Bureau,2020 Decennial Census PL 94-171,P4,Population 18 years and over,Place,4856108,Pattison city,437,154,283,242,25,1,5,0,0,10
Texas,2020,U.S. Census Bureau,2020 Decennial Census PL 94-171,P4,Population 18 years and over,Place,4856156,Patton Village city,1126,382,744,683,7,7,2,0,1,44
Texas,2020,U.S. Census Bureau,2020 Decennial Census PL 94-171,P4,Population 18 years and over,Place,4856252,Pawnee CDP,103,82,21,17,0,0,2,0,0,2
Texas,2020,U.S. Census Bureau,2020 Decennial Census PL 94-171,P4,Population 18 years and over,Place,4856276,Payne Springs town,606,27,579,555,1,6,0,1,1,15
Texas,2020,U.S. Census Bureau,2020 Decennial Census PL 94-171,P4,Population 18 years and over,Place,4856348,Pearland city,92025,20650,71375,36283,18006,191,13832,55,359,2649
Texas,2020,U.S. Census Bureau,2020 Decennial Census PL 94-171,P4,Population 18 years and over,Place,4856384,Pearsall city,5247,4496,751,643,34,17,9,4,21,23
Texas,2020,U.S. Census Bureau,2020 Decennial Census PL 94-171,P4,Population 18 years and over,Place,4856462,Pecan Acres CDP,3616,457,3159,2851,47,35,45,0,14,167
Texas,2020,U.S. Census Bureau,2020 Decennial Census PL 94-171,P4,Population 18 years and over,Place,4856468,Pecan Gap city,153,6,147,131,6,0,0,0,0,10
Texas,2020,U.S. Census Bureau,2020 Decennial Census PL 94-171,P4,Population 18 years and over,Place,4856482,Pecan Grove CDP,16938,2774,14164,9783,1955,24,1713,6,107,576
Texas,2020,U.S. Census Bureau,2020 Decennial Census PL 94-171,P4,Population 18 years and over,Place,4856485,Pecan Hill city,570,107,463,421,18,0,1,0,0,23
Texas,2020,U.S. Census Bureau,2020 Decennial Census PL 94-171,P4,Population 18 years and over,Place,4856498,Pecan Plantation CDP,5586,230,5356,5132,7,21,38,3,16,139
Texas,2020,U.S. Census Bureau,2020 Decennial Census PL 94-171,P4,Population 18 years and over,Place,4856516,Pecos city,10249,8742,1507,1112,179,14,128,2,30,42
Texas,2020,U.S. Census Bureau,2020 Decennial Census PL 94-171,P4,Population 18 years and over,Place,4856640,Pelican Bay city,1459,239,1220,1127,11,8,4,1,5,64
Texas,2020,U.S. Census Bureau,2020 Decennial Census PL 94-171,P4,Population 18 years and over,Place,4856644,Pena CDP,46,45,1,1,0,0,0,0,0,0
Texas,2020,U.S. Census Bureau,2020 Decennial Census PL 94-171,P4,Population 18 years and over,Place,4856660,Pendleton CDP,658,102,556,515,7,6,1,0,0,27
Texas,2020,U.S. Census Bureau,2020 Decennial Census PL 94-171,P4,Population 18 years and over,Place,4856672,Penelope town,141,44,97,93,0,0,2,0,0,2
Texas,2020,U.S. Census Bureau,2020 Decennial Census PL 94-171,P4,Population 18 years and over,Place,4856696,Penitas city,4438,4323,115,91,6,2,7,0,5,4
Texas,2020,U.S. Census Bureau,2020 Decennial Census PL 94-171,P4,Population 18 years and over,Place,4856804,Perezville CDP,2120,1362,758,742,4,0,0,0,0,12
Texas,2020,U.S. Census Bureau,2020 Decennial Census PL 94-171,P4,Population 18 years and over,Place,4856864,Perrin CDP,248,20,228,222,0,0,0,0,1,5
Texas,2020,U.S. Census Bureau,2020 Decennial Census PL 94-171,P4,Population 18 years and over,Place,4856912,Perryton city,5872,3178,2694,2516,9,25,17,0,12,115
Texas,2020,U.S. Census Bureau,2020 Decennial Census PL 94-171,P4,Population 18 years and over,Place,4856996,Petersburg city,749,507,242,225,2,2,3,0,2,8
Texas,2020,U.S. Census Bureau,2020 Decennial Census PL 94-171,P4,Population 18 years and over,Place,4857044,Petrolia city,395,25,370,325,1,2,1,0,2,39
Texas,2020,U.S. Census Bureau,2020 Decennial Census PL 94-171,P4,Population 18 years and over,Place,4857056,Petronila city,64,31,33,30,0,0,0,0,0,3
Texas,2020,U.S. Census Bureau,2020 Decennial Census PL 94-171,P4,Population 18 years and over,Place,4857116,Pettus CDP,336,170,166,160,0,0,0,0,1,5
Texas,2020,U.S. Census Bureau,2020 Decennial Census PL 94-171,P4,Population 18 years and over,Place,4857128,Petty CDP,112,12,100,92,0,0,0,0,0,8
Texas,2020,U.S. Census Bureau,2020 Decennial Census PL 94-171,P4,Population 18 years and over,Place,4857176,Pflugerville city,48936,13986,34950,21137,7303,116,4215,97,278,1804
Texas,2020,U.S. Census Bureau,2020 Decennial Census PL 94-171,P4,Population 18 years and over,Place,4857200,Pharr city,55030,51448,3582,3041,87,14,228,2,88,122
Texas,2020,U.S. Census Bureau,2020 Decennial Census PL 94-171,P4,Population 18 years and over,Place,4857476,Pilot Point city,3272,971,2301,1965,98,25,11,7,7,188
Texas,2020,U.S. Census Bureau,2020 Decennial Census PL 94-171,P4,Population 18 years and over,Place,4857524,Pine Forest city,389,33,356,349,0,0,0,0,0,7
Texas,2020,U.S. Census Bureau,2020 Decennial Census PL 94-171,P4,Population 18 years and over,Place,4857566,Pine Harbor CDP,647,35,612,556,20,5,2,0,6,23
Texas,2020,U.S. Census Bureau,2020 Decennial Census PL 94-171,P4,Population 18 years and over,Place,4857615,Pine Island town,791,249,542,442,74,3,4,0,1,18
Texas,2020,U.S. Census Bureau,2020 Decennial Census PL 94-171,P4,Population 18 years and over,Place,4857494,Pinebrook CDP,313,131,182,158,1,1,0,0,1,21
Texas,2020,U.S. Census Bureau,2020 Decennial Census PL 94-171,P4,Population 18 years and over,Place,4857596,Pinehurst CDP,3753,1428,2325,2154,63,6,6,2,11,83
Texas,2020,U.S. Census Bureau,2020 Decennial Census PL 94-171,P4,Population 18 years and over,Place,4857608,Pinehurst city,1797,207,1590,1225,257,14,30,1,10,53
Texas,2020,U.S. Census Bureau,2020 Decennial Census PL 94-171,P4,Population 18 years and over,Place,4857644,Pineland city,641,29,612,410,168,0,1,0,0,33
Texas,2020,U.S. Census Bureau,2020 Decennial Census PL 94-171,P4,Population 18 years and over,Place,4857752,Pinewood Estates CDP,1206,66,1140,1043,28,6,6,0,1,56
Texas,2020,U.S. Census Bureau,2020 Decennial Census PL 94-171,P4,Population 18 years and over,Place,4857800,Piney Point Village city,2438,183,2255,1780,25,4,355,0,10,81
Texas,2020,U.S. Census Bureau,2020 Decennial Census PL 94-171,P4,Population 18 years and over,Place,4857908,Pittsburg city,3164,975,2189,1252,811,6,28,5,4,83
Texas,2020,U.S. Census Bureau,2020 Decennial Census PL 94-171,P4,Population 18 years and over,Place,4857932,Placedo CDP,497,369,128,103,10,3,3,0,0,9
Texas,2020,U.S. Census Bureau,2020 Decennial Census PL 94-171,P4,Population 18 years and over,Place,4857968,Plains town,967,599,368,342,0,6,0,0,0,20
Texas,2020,U.S. Census Bureau,2020 Decennial Census PL 94-171,P4,Population 18 years and over,Place,4857980,Plainview city,14637,8704,5933,4743,723,64,93,20,32,258
Texas,2020,U.S. Census Bureau,2020 Decennial Census PL 94-171,P4,Population 18 years and over,Place,4858016,Plano city,221307,31762,189545,111066,18662,596,50927,113,898,7283
Texas,2020,U.S. Census Bureau,2020 Decennial Census PL 94-171,P4,Population 18 years and over,Place,4858040,Plantersville city,351,48,303,256,33,0,0,0,0,14
Texas,2020,U.S. Census Bureau,2020 Decennial Census PL 94-171,P4,Population 18 years and over,Place,4858088,Pleak village,785,386,399,348,10,3,7,0,2,29
Texas,2020,U.S. Census Bureau,2020 Decennial Census PL 94-171,P4,Population 18 years and over,Place,4858232,Pleasant Hill CDP,450,235,215,165,34,0,9,0,3,4
Texas,2020,U.S. Census Bureau,2020 Decennial Census PL 94-171,P4,Population 18 years and over,Place,4858400,Pleasant Valley town,301,16,285,277,0,1,0,0,3,4
Texas,2020,U.S. Census Bureau,2020 Decennial Census PL 94-171,P4,Population 18 years and over,Place,4858280,Pleasanton city,7779,4027,3752,3434,61,28,43,2,15,169
Texas,2020,U.S. Census Bureau,2020 Decennial Census PL 94-171,P4,Population 18 years and over,Place,4858436,Plum CDP,280,107,173,143,25,0,0,0,1,4
Texas,2020,U.S. Census Bureau,2020 Decennial Census PL 94-171,P4,Population 18 years and over,Place,4858448,Plum Grove city,826,528,298,267,4,6,1,0,2,18
Texas,2020,U.S. Census Bureau,2020 Decennial Census PL 94-171,P4,Population 18 years and over,Place,4858556,Point Blank city,565,26,539,453,48,4,2,0,0,32
Texas,2020,U.S. Census Bureau,2020 Decennial Census PL 94-171,P4,Population 18 years and over,Place,4858568,Point Comfort city,451,150,301,251,11,2,10,0,3,24
Texas,2020,U.S. Census Bureau,2020 Decennial Census PL 94-171,P4,Population 18 years and over,Place,4858586,Point Venture village,1067,114,953,861,14,2,15,0,7,54
Texas,2020,U.S. Census Bureau,2020 Decennial Census PL 94-171,P4,Population 18 years and over,Place,4858532,Point city,550,39,511,481,3,5,3,0,1,18
Texas,2020,U.S. Census Bureau,2020 Decennial Census PL 94-171,P4,Population 18 years and over,Place,4858664,Ponder town,1644,233,1411,1251,57,13,27,1,7,55
Texas,2020,U.S. Census Bureau,2020 Decennial Census PL 94-171,P4,Population 18 years and over,Place,4858808,Port Aransas city,2551,174,2377,2220,4,12,34,2,18,87
Texas,2020,U.S. Census Bureau,2020 Decennial Census PL 94-171,P4,Population 18 years and over,Place,4858820,Port Arthur city,40934,13882,27052,7989,15651,81,2539,12,140,640
Texas,2020,U.S. Census Bureau,2020 Decennial Census PL 94-171,P4,Population 18 years and over,Place,4858892,Port Isabel city,3701,2787,914,836,10,7,20,3,7,31
Texas,2020,U.S. Census Bureau,2020 Decennial Census PL 94-171,P4,Population 18 years and over,Place,4858916,Port Lavaca city,8645,5074,3571,2471,265,11,717,0,18,89
Texas,2020,U.S. Census Bureau,2020 Decennial Census PL 94-171,P4,Population 18 years and over,Place,4858928,Port Mansfield CDP,286,60,226,217,1,0,0,0,1,7
Texas,2020,U.S. Census Bureau,2020 Decennial Census PL 94-171,P4,Population 18 years and over,Place,4858940,Port Neches city,10497,1269,9228,8318,217,36,355,0,19,283
Texas,2020,U.S. Census Bureau,2020 Decennial Census PL 94-171,P4,Population 18 years and over,Place,4858952,Port O'Connor CDP,865,111,754,728,0,1,1,0,2,22
Texas,2020,U.S. Census Bureau,2020 Decennial Census PL 94-171,P4,Population 18 years and over,Place,4858850,Porter Heights CDP,1395,456,939,851,18,6,8,0,8,48
Texas,2020,U.S. Census Bureau,2020 Decennial Census PL 94-171,P4,Population 18 years and over,Place,4858904,Portland city,14970,5671,9299,8000,267,71,429,28,60,444
Texas,2020,U.S. Census Bureau,2020 Decennial Census PL 94-171,P4,Population 18 years and over,Place,4859066,Post Oak Bend City town,541,55,486,444,7,5,6,1,0,23
Texas,2020,U.S. Census Bureau,2020 Decennial Census PL 94-171,P4,Population 18 years and over,Place,4859012,Post city,3951,2547,1404,1132,186,14,19,0,10,43
Texas,2020,U.S. Census Bureau,2020 Decennial Census PL 94-171,P4,Population 18 years and over,Place,4859084,Poteet city,2027,1760,267,233,10,4,1,0,1,18
Texas,2020,U.S. Census Bureau,2020 Decennial Census PL 94-171,P4,Population 18 years and over,Place,4859096,Poth town,1345,718,627,587,7,2,4,0,9,18
Texas,2020,U.S. Census Bureau,2020 Decennial Census PL 94-171,P4,Population 18 years and over,Place,4859108,Potosi CDP,2899,311,2588,2359,34,10,42,11,12,120
Texas,2020,U.S. Census Bureau,2020 Decennial Census PL 94-171,P4,Population 18 years and over,Place,4859132,Pottsboro town,1839,89,1750,1579,9,34,15,1,5,107
Texas,2020,U.S. Census Bureau,2020 Decennial Census PL 94-171,P4,Population 18 years and over,Place,4859156,Powderly CDP,995,39,956,859,31,15,0,0,0,51
Texas,2020,U.S. Census Bureau,2020 Decennial Census PL 94-171,P4,Population 18 years and over,Place,4859168,Powell town,74,9,65,53,8,0,1,0,0,3
Texas,2020,U.S. Census Bureau,2020 Decennial Census PL 94-171,P4,Population 18 years and over,Place,4859192,Poynor town,188,4,184,173,2,2,0,0,0,7
Texas,2020,U.S. Census Bureau,2020 Decennial Census PL 94-171,P4,Population 18 years and over,Place,4859210,Prado Verde CDP,187,135,52,41,4,2,2,0,0,3
Texas,2020,U.S. Census Bureau,2020 Decennial Census PL 94-171,P4,Population 18 years and over,Place,4859216,Praesel CDP,347,101,246,215,13,1,0,0,1,16
Texas,2020,U.S. Census Bureau,2020 Decennial Census PL 94-171,P4,Population 18 years and over,Place,4859336,Prairie View city,7572,824,6748,156,6400,28,11,1,114,38
Texas,2020,U.S. Census Bureau,2020 Decennial Census PL 94-171,P4,Population 18 years and over,Place,4859384,Premont city,1752,1561,191,174,0,0,8,2,2,5
Texas,2020,U.S. Census Bureau,2020 Decennial Census PL 94-171,P4,Population 18 years and over,Place,4859396,Presidio city,2370,2266,104,49,7,4,41,0,1,2
Texas,2020,U.S. Census Bureau,2020 Decennial Census PL 94-171,P4,Population 18 years and over,Place,4859420,Preston CDP,1816,67,1749,1618,1,29,4,1,6,90
Texas,2020,U.S. Census Bureau,2020 Decennial Census PL 94-171,P4,Population 18 years and over,Place,4859528,Priddy CDP,111,26,85,77,0,0,0,0,0,8
Texas,2020,U.S. Census Bureau,2020 Decennial Census PL 94-171,P4,Population 18 years and over,Place,4859540,Primera town,3655,3238,417,347,11,7,11,4,15,22
Texas,2020,U.S. Census Bureau,2020 Decennial Census PL 94-171,P4,Population 18 years and over,Place,4859576,Princeton city,11559,3274,8285,5582,1682,63,462,7,47,442
Texas,2020,U.S. Census Bureau,2020 Decennial Census PL 94-171,P4,Population 18 years and over,Place,4859612,Proctor CDP,65,15,50,48,0,0,1,0,0,1
Texas,2020,U.S. Census Bureau,2020 Decennial Census PL 94-171,P4,Population 18 years and over,Place,4859642,Progreso Lakes city,200,137,63,55,2,0,5,0,0,1
Texas,2020,U.S. Census Bureau,2020 Decennial Census PL 94-171,P4,Population 18 years and over,Place,4859636,Progreso city,3281,3254,27,16,3,4,0,0,1,3
Texas,2020,U.S. Census Bureau,2020 Decennial Census PL 94-171,P4,Population 18 years and over,Place,4859696,Prosper town,19824,1831,17993,14022,1635,76,1439,18,75,728
Texas,2020,U.S. Census Bureau,2020 Decennial Census PL 94-171,P4,Population 18 years and over,Place,4859748,Providence Village town,4879,744,4135,3184,576,26,65,3,42,239
Texas,2020,U.S. Census Bureau,2020 Decennial Census PL 94-171,P4,Population 18 years and over,Place,4859794,Pueblo East CDP,1,0,1,1,0,0,0,0,0,0
Texas,2020,U.S. Census Bureau,2020 Decennial Census PL 94-171,P4,Population 18 years and over,Place,4859798,Pueblo Nuevo CDP,290,279,11,10,1,0,0,0,0,0
Texas,2020,U.S. Census Bureau,2020 Decennial Census PL 94-171,P4,Population 18 years and over,Place,4859984,Putnam town,53,0,53,53,0,0,0,0,0,0
Texas,2020,U.S. Census Bureau,2020 Decennial Census PL 94-171,P4,Population 18 years and over,Place,4859996,Pyote town,54,15,39,39,0,0,0,0,0,0
Texas,2020,U.S. Census Bureau,2020 Decennial Census PL 94-171,P4,Population 18 years and over,Place,4860020,Quail CDP,17,1,16,16,0,0,0,0,0,0
Texas,2020,U.S. Census Bureau,2020 Decennial Census PL 94-171,P4,Population 18 years and over,Place,4860026,Quail Creek CDP,1347,454,893,802,41,2,4,0,1,43
Texas,2020,U.S. Census Bureau,2020 Decennial Census PL 94-171,P4,Population 18 years and over,Place,4860044,Quanah city,1760,337,1423,1252,86,8,16,0,5,56
Texas,2020,U.S. Census Bureau,2020 Decennial Census PL 94-171,P4,Population 18 years and over,Place,4860080,Queen City city,1048,22,1026,775,200,7,13,0,0,31
Texas,2020,U.S. Census Bureau,2020 Decennial Census PL 94-171,P4,Population 18 years and over,Place,4860092,Quemado CDP,120,109,11,8,1,0,0,0,0,2
Texas,2020,U.S. Census Bureau,2020 Decennial Census PL 94-171,P4,Population 18 years and over,Place,4860098,Quesada CDP,4,3,1,0,1,0,0,0,0,0
Texas,2020,U.S. Census Bureau,2020 Decennial Census PL 94-171,P4,Population 18 years and over,Place,4860140,Quinlan city,1082,129,953,870,15,10,8,1,1,48
Texas,2020,U.S. Census Bureau,2020 Decennial Census PL 94-171,P4,Population 18 years and over,Place,4860164,Quintana town,20,3,17,16,0,0,1,0,0,0
Texas,2020,U.S. Census Bureau,2020 Decennial Census PL 94-171,P4,Population 18 years and over,Place,4860176,Quitaque city,252,76,176,168,5,1,0,0,0,2
Texas,2020,U.S. Census Bureau,2020 Decennial Census PL 94-171,P4,Population 18 years and over,Place,4860188,Quitman city,1512,77,1435,1281,68,8,17,0,1,60
Texas,2020,U.S. Census Bureau,2020 Decennial Census PL 94-171,P4,Population 18 years and over,Place,4860278,Radar Base CDP,68,62,6,5,0,0,0,0,0,1
Texas,2020,U.S. Census Bureau,2020 Decennial Census PL 94-171,P4,Population 18 years and over,Place,4860290,Rafael Pena CDP,15,15,0,0,0,0,0,0,0,0
Texas,2020,U.S. Census Bureau,2020 Decennial Census PL 94-171,P4,Population 18 years and over,Place,4860356,Ralls city,1232,721,511,457,18,1,8,0,1,26
Texas,2020,U.S. Census Bureau,2020 Decennial Census PL 94-171,P4,Population 18 years and over,Place,4860380,Ramireno CDP,5,5,0,0,0,0,0,0,0,0
Texas,2020,U.S. Census Bureau,2020 Decennial Census PL 94-171,P4,Population 18 years and over,Place,4860408,Ramirez-Perez CDP,44,42,2,0,0,0,0,0,0,2
Texas,2020,U.S. Census Bureau,2020 Decennial Census PL 94-171,P4,Population 18 years and over,Place,4860422,Ramos CDP,107,106,1,0,0,0,0,0,0,1
Texas,2020,U.S. Census Bureau,2020 Decennial Census PL 94-171,P4,Population 18 years and over,Place,4860458,Ranchette Estates CDP,74,71,3,0,0,0,1,0,0,2
Texas,2020,U.S. Census Bureau,2020 Decennial Census PL 94-171,P4,Population 18 years and over,Place,4860480,Ranchitos East CDP,118,118,0,0,0,0,0,0,0,0
Texas,2020,U.S. Census Bureau,2020 Decennial Census PL 94-171,P4,Population 18 years and over,Place,4860482,Ranchitos Las Lomas CDP,113,104,9,7,0,2,0,0,0,0
Texas,2020,U.S. Census Bureau,2020 Decennial Census PL 94-171,P4,Population 18 years and over,Place,4860478,Ranchitos del Norte CDP,141,140,1,1,0,0,0,0,0,0
Texas,2020,U.S. Census Bureau,2020 Decennial Census PL 94-171,P4,Population 18 years and over,Place,4860518,Rancho Alegre CDP,1040,966,74,62,0,0,0,0,8,4
Texas,2020,U.S. Census Bureau,2020 Decennial Census PL 94-171,P4,Population 18 years and over,Place,4860529,Rancho Banquete CDP,313,294,19,13,1,0,0,0,0,5
Texas,2020,U.S. Census Bureau,2020 Decennial Census PL 94-171,P4,Population 18 years and over,Place,4860534,Rancho Chico CDP,253,222,31,20,8,0,0,0,3,0
Texas,2020,U.S. Census Bureau,2020 Decennial Census PL 94-171,P4,Population 18 years and over,Place,4860554,Rancho Viejo CDP,160,158,2,0,0,0,0,0,1,1
Texas,2020,U.S. Census Bureau,2020 Decennial Census PL 94-171,P4,Population 18 years and over,Place,4860544,Rancho Viejo town,2203,1506,697,578,20,4,70,0,4,21
Texas,2020,U.S. Census Bureau,2020 Decennial Census PL 94-171,P4,Population 18 years and over,Place,4860539,Ranchos Penitas West CDP,313,299,14,14,0,0,0,0,0,0
Texas,2020,U.S. Census Bureau,2020 Decennial Census PL 94-171,P4,Population 18 years and over,Place,4860608,Randolph AFB CDP,828,140,688,455,144,11,33,7,0,38
Texas,2020,U.S. Census Bureau,2020 Decennial Census PL 94-171,P4,Population 18 years and over,Place,4860632,Ranger city,1836,339,1497,1335,102,16,14,0,4,26
Texas,2020,U.S. Census Bureau,2020 Decennial Census PL 94-171,P4,Population 18 years and over,Place,4860644,Rangerville village,179,156,23,18,1,0,0,0,1,3
Texas,2020,U.S. Census Bureau,2020 Decennial Census PL 94-171,P4,Population 18 years and over,Place,4860668,Rankin city,589,192,397,359,11,0,2,0,1,24
Texas,2020,U.S. Census Bureau,2020 Decennial Census PL 94-171,P4,Population 18 years and over,Place,4860672,Ransom Canyon town,948,78,870,812,9,1,6,0,1,41
Texas,2020,U.S. Census Bureau,2020 Decennial Census PL 94-171,P4,Population 18 years and over,Place,4860686,Ratamosa CDP,159,111,48,41,0,5,0,0,0,2
Texas,2020,U.S. Census Bureau,2020 Decennial Census PL 94-171,P4,Population 18 years and over,Place,4860752,Ravenna city,144,4,140,137,1,0,0,0,0,2
Texas,2020,U.S. Census Bureau,2020 Decennial Census PL 94-171,P4,Population 18 years and over,Place,4860836,Raymondville city,8032,6705,1327,726,408,15,146,0,16,16
Texas,2020,U.S. Census Bureau,2020 Decennial Census PL 94-171,P4,Population 18 years and over,Place,4860932,Realitos CDP,95,91,4,1,0,0,1,0,0,2
Texas,2020,U.S. Census Bureau,2020 Decennial Census PL 94-171,P4,Population 18 years and over,Place,4861172,Red Lick city,758,31,727,643,36,9,3,0,3,33
Texas,2020,U.S. Census Bureau,2020 Decennial Census PL 94-171,P4,Population 18 years and over,Place,4861196,Red Oak city,10229,2261,7968,4302,3154,28,99,5,70,310
Texas,2020,U.S. Census Bureau,2020 Decennial Census PL 94-171,P4,Population 18 years and over,Place,4861280,Red Rock CDP,314,78,236,222,0,0,0,0,1,13
Texas,2020,U.S. Census Bureau,2020 Decennial Census PL 94-171,P4,Population 18 years and over,Place,4861040,Redfield CDP,286,42,244,214,16,0,1,1,0,12
Texas,2020,U.S. Census Bureau,2020 Decennial Census PL 94-171,P4,Population 18 years and over,Place,4861076,Redford CDP,33,31,2,0,1,0,0,0,1,0
Texas,2020,U.S. Census Bureau,2020 Decennial Census PL 94-171,P4,Population 18 years and over,Place,4861124,Redland CDP,824,181,643,412,216,0,2,0,0,13
Texas,2020,U.S. Census Bureau,2020 Decennial Census PL 94-171,P4,Population 18 years and over,Place,4861340,Redwater city,650,16,634,544,50,5,2,0,0,33
Texas,2020,U.S. Census Bureau,2020 Decennial Census PL 94-171,P4,Population 18 years and over,Place,4861352,Redwood CDP,2886,2505,381,298,28,1,16,0,2,36
Texas,2020,U.S. Census Bureau,2020 Decennial Census PL 94-171,P4,Population 18 years and over,Place,4861436,Refugio town,2013,1090,923,652,226,5,8,0,3,29
Texas,2020,U.S. Census Bureau,2020 Decennial Census PL 94-171,P4,Population 18 years and over,Place,4861454,Regino Ramirez CDP,71,70,1,0,0,0,0,0,1,0
Texas,2020,U.S. Census Bureau,2020 Decennial Census PL 94-171,P4,Population 18 years and over,Place,4861466,Reid Hope King CDP,446,422,24,21,1,0,0,0,0,2
Texas,2020,U.S. Census Bureau,2020 Decennial Census PL 94-171,P4,Population 18 years and over,Place,4861508,Reklaw city,235,42,193,175,15,1,0,0,0,2
Texas,2020,U.S. Census Bureau,2020 Decennial Census PL 94-171,P4,Population 18 years and over,Place,4861532,Relampago CDP,93,89,4,4,0,0,0,0,0,0
Texas,2020,U.S. Census Bureau,2020 Decennial Census PL 94-171,P4,Population 18 years and over,Place,4861568,Rendon CDP,10388,1845,8543,7461,533,64,106,5,31,343
Texas,2020,U.S. Census Bureau,2020 Decennial Census PL 94-171,P4,Population 18 years and over,Place,4861592,Reno city (Lamar County),2528,120,2408,2037,173,36,50,0,5,107
Texas,2020,U.S. Census Bureau,2020 Decennial Census PL 94-171,P4,Population 18 years and over,Place,4861604,Reno city (Parker and Tarrant Counties),2188,275,1913,1756,12,16,9,0,11,109
Texas,2020,U.S. Census Bureau,2020 Decennial Census PL 94-171,P4,Population 18 years and over,Place,4861616,Retreat town,316,70,246,206,11,3,0,9,0,17
Texas,2020,U.S. Census Bureau,2020 Decennial Census PL 94-171,P4,Population 18 years and over,Place,4861700,Rhome city,1194,180,1014,935,7,8,9,0,1,54
Texas,2020,U.S. Census Bureau,2020 Decennial Census PL 94-171,P4,Population 18 years and over,Place,4861724,Ricardo CDP,790,590,200,186,0,1,1,0,1,11
Texas,2020,U.S. Census Bureau,2020 Decennial Census PL 94-171,P4,Population 18 years and over,Place,4861766,Rice Tracts CDP,510,432,78,73,1,0,0,0,1,3
Texas,2020,U.S. Census Bureau,2020 Decennial Census PL 94-171,P4,Population 18 years and over,Place,4861736,Rice city,814,306,508,420,50,5,1,3,0,29
Texas,2020,U.S. Census Bureau,2020 Decennial Census PL 94-171,P4,Population 18 years and over,Place,4861784,Richards CDP,141,12,129,107,19,1,0,0,0,2
Texas,2020,U.S. Census Bureau,2020 Decennial Census PL 94-171,P4,Population 18 years and over,Place,4861796,Richardson city,95775,14581,81194,50667,9706,258,16884,46,430,3203
Texas,2020,U.S. Census Bureau,2020 Decennial Census PL 94-171,P4,Population 18 years and over,Place,4861844,Richland Hills city,6785,1587,5198,4329,357,29,133,29,17,304
Texas,2020,U.S. Census Bureau,2020 Decennial Census PL 94-171,P4,Population 18 years and over,Place,4861880,Richland Springs town,191,24,167,158,0,2,0,0,0,7
Texas,2020,U.S. Census Bureau,2020 Decennial Census PL 94-171,P4,Population 18 years and over,Place,4861820,Richland town,199,26,173,142,14,3,0,0,0,14
Texas,2020,U.S. Census Bureau,2020 Decennial Census PL 94-171,P4,Population 18 years and over,Place,4861892,Richmond city,8805,4609,4196,2346,1542,4,181,1,20,102
Texas,2020,U.S. Census Bureau,2020 Decennial Census PL 94-171,P4,Population 18 years and over,Place,4861904,Richwood city,3554,1244,2310,1838,274,20,83,1,15,79
Texas,2020,U.S. Census Bureau,2020 Decennial Census PL 94-171,P4,Population 18 years and over,Place,4862108,Riesel city,779,81,698,643,6,3,4,0,9,33
Texas,2020,U.S. Census Bureau,2020 Decennial Census PL 94-171,P4,Population 18 years and over,Place,4862132,Ringgold CDP,123,17,106,94,0,4,0,0,0,8
Texas,2020,U.S. Census Bureau,2020 Decennial Census PL 94-171,P4,Population 18 years and over,Place,4862138,Rio Bravo city,2937,2876,61,54,5,0,2,0,0,0
Texas,2020,U.S. Census Bureau,2020 Decennial Census PL 94-171,P4,Population 18 years and over,Place,4862168,Rio Grande City city,10619,10213,406,305,8,0,56,0,14,23
Texas,2020,U.S. Census Bureau,2020 Decennial Census PL 94-171,P4,Population 18 years and over,Place,4862180,Rio Hondo city,1496,1321,175,156,2,6,4,0,1,6
Texas,2020,U.S. Census Bureau,2020 Decennial Census PL 94-171,P4,Population 18 years and over,Place,4862240,Rio Vista city,724,86,638,602,3,5,0,0,1,27
Texas,2020,U.S. Census Bureau,2020 Decennial Census PL 94-171,P4,Population 18 years and over,Place,4862252,Rising Star town,609,65,544,503,0,7,4,2,0,28
Texas,2020,U.S. Census Bureau,2020 Decennial Census PL 94-171,P4,Population 18 years and over,Place,4862384,River Oaks city,5751,2935,2816,2555,61,17,51,0,13,119
Texas,2020,U.S. Census Bureau,2020 Decennial Census PL 94-171,P4,Population 18 years and over,Place,4862318,Rivereno CDP,42,42,0,0,0,0,0,0,0,0
Texas,2020,U.S. Census Bureau,2020 Decennial Census PL 94-171,P4,Population 18 years and over,Place,4862408,Riverside city,419,41,378,302,42,3,2,0,3,26
Texas,2020,U.S. Census Bureau,2020 Decennial Census PL 94-171,P4,Population 18 years and over,Place,4862468,Riviera CDP,463,319,144,132,3,2,3,0,1,3
Texas,2020,U.S. Census Bureau,2020 Decennial Census PL 94-171,P4,Population 18 years and over,Place,4862486,Road Runner town,549,189,360,306,12,5,0,1,7,29
Texas,2020,U.S. Census Bureau,2020 Decennial Census PL 94-171,P4,Population 18 years and over,Place,4862504,Roanoke city,7035,1173,5862,4716,282,39,522,5,24,274
Texas,2020,U.S. Census Bureau,2020 Decennial Census PL 94-171,P4,Population 18 years and over,Place,4862528,Roaring Springs town,178,6,172,162,0,0,0,0,0,10
Texas,2020,U.S. Census Bureau,2020 Decennial Census PL 94-171,P4,Population 18 years and over,Place,4862564,Robert Lee city,811,191,620,576,5,10,0,3,0,26
Texas,2020,U.S. Census Bureau,2020 Decennial Census PL 94-171,P4,Population 18 years and over,Place,4862588,Robinson city,9226,1472,7754,6834,409,34,89,6,41,341
Texas,2020,U.S. Census Bureau,2020 Decennial Census PL 94-171,P4,Population 18 years and over,Place,4862600,Robstown city,7463,6842,621,458,100,6,12,2,23,20
Texas,2020,U.S. Census Bureau,2020 Decennial Census PL 94-171,P4,Population 18 years and over,Place,4862612,Roby city,421,127,294,277,9,0,0,0,1,7
Texas,2020,U.S. Census Bureau,2020 Decennial Census PL 94-171,P4,Population 18 years and over,Place,4862624,Rochelle CDP,130,17,113,103,0,0,0,0,0,10
Texas,2020,U.S. Census Bureau,2020 Decennial Census PL 94-171,P4,Population 18 years and over,Place,4862636,Rochester town,174,55,119,99,9,5,0,1,0,5
Texas,2020,U.S. Census Bureau,2020 Decennial Census PL 94-171,P4,Population 18 years and over,Place,4862732,Rock Island CDP,188,38,150,131,9,0,0,0,1,9
Texas,2020,U.S. Census Bureau,2020 Decennial Census PL 94-171,P4,Population 18 years and over,Place,4862672,Rockdale city,3981,1092,2889,2277,456,13,28,3,15,97
Texas,2020,U.S. Census Bureau,2020 Decennial Census PL 94-171,P4,Population 18 years and over,Place,4862804,Rockport city,8402,1527,6875,6215,96,34,216,7,23,284
Texas,2020,U.S. Census Bureau,2020 Decennial Census PL 94-171,P4,Population 18 years and over,Place,4862816,Rocksprings town,671,463,208,186,2,5,3,1,2,9
Texas,2020,U.S. Census Bureau,2020 Decennial Census PL 94-171,P4,Population 18 years and over,Place,4862828,Rockwall city,35068,5641,29427,24040,2563,155,1292,18,93,1266
Texas,2020,U.S. Census Bureau,2020 Decennial Census PL 94-171,P4,Population 18 years and over,Place,4862834,Rockwell Place CDP,1374,256,1118,1041,5,0,0,1,4,67
Texas,2020,U.S. Census Bureau,2020 Decennial Census PL 94-171,P4,Population 18 years and over,Place,4862870,Rocky Mound town,59,5,54,33,17,0,0,0,3,1
Texas,2020,U.S. Census Bureau,2020 Decennial Census PL 94-171,P4,Population 18 years and over,Place,4862924,Rogers town,764,290,474,405,29,0,5,0,4,31
Texas,2020,U.S. Census Bureau,2020 Decennial Census PL 94-171,P4,Population 18 years and over,Place,4863008,Rollingwood city,963,77,886,815,2,1,44,0,0,24
Texas,2020,U.S. Census Bureau,2020 Decennial Census PL 94-171,P4,Population 18 years and over,Place,4863020,Roma city,8337,8207,130,107,1,0,3,0,7,12
Texas,2020,U.S. Census Bureau,2020 Decennial Census PL 94-171,P4,Population 18 years and over,Place,4863044,Roman Forest city,1437,207,1230,1125,43,4,19,2,1,36
Texas,2020,U.S. Census Bureau,2020 Decennial Census PL 94-171,P4,Population 18 years and over,Place,4863140,Ropesville city,331,186,145,130,8,0,1,0,1,5
Texas,2020,U.S. Census Bureau,2020 Decennial Census PL 94-171,P4,Population 18 years and over,Place,4863164,Rosanky CDP,1167,206,961,888,14,1,5,0,8,45
Texas,2020,U.S. Census Bureau,2020 Decennial Census PL 94-171,P4,Population 18 years and over,Place,4863176,Roscoe city,891,383,508,470,9,4,4,0,9,12
Texas,2020,U.S. Census Bureau,2020 Decennial Census PL 94-171,P4,Population 18 years and over,Place,4863200,Rose City city,263,41,222,209,1,2,0,0,0,10
Texas,2020,U.S. Census Bureau,2020 Decennial Census PL 94-171,P4,Population 18 years and over,Place,4863272,Rose Hill Acres city,238,13,225,211,0,0,1,0,0,13
Texas,2020,U.S. Census Bureau,2020 Decennial Census PL 94-171,P4,Population 18 years and over,Place,4863188,Rosebud city,990,292,698,496,165,5,9,0,1,22
Texas,2020,U.S. Census Bureau,2020 Decennial Census PL 94-171,P4,Population 18 years and over,Place,4863284,Rosenberg city,27787,14529,13258,6932,4331,63,1306,5,135,486
Texas,2020,U.S. Census Bureau,2020 Decennial Census PL 94-171,P4,Population 18 years and over,Place,4863332,Rosharon CDP,953,471,482,276,160,0,5,0,1,40
Texas,2020,U.S. Census Bureau,2020 Decennial Census PL 94-171,P4,Population 18 years and over,Place,4863350,Rosita CDP,2310,1811,499,47,0,447,0,0,1,4
Texas,2020,U.S. Census Bureau,2020 Decennial Census PL 94-171,P4,Population 18 years and over,Place,4863380,Ross city,199,29,170,163,0,1,0,0,0,6
Texas,2020,U.S. Census Bureau,2020 Decennial Census PL 94-171,P4,Population 18 years and over,Place,4863404,Rosser village,234,25,209,145,35,8,0,0,0,21
Texas,2020,U.S. Census Bureau,2020 Decennial Census PL 94-171,P4,Population 18 years and over,Place,4863464,Rotan city,1057,401,656,561,58,8,9,1,3,16
Texas,2020,U.S. Census Bureau,2020 Decennial Census PL 94-171,P4,Population 18 years and over,Place,4863476,Round Mountain town,87,19,68,64,0,0,0,0,0,4
Texas,2020,U.S. Census Bureau,2020 Decennial Census PL 94-171,P4,Population 18 years and over,Place,4863500,Round Rock city,88250,24390,63860,44389,8451,259,7013,142,464,3142
Texas,2020,U.S. Census Bureau,2020 Decennial Census PL 94-171,P4,Population 18 years and over,Place,4863524,Round Top town,84,1,83,78,0,3,0,0,1,1
Texas,2020,U.S. Census Bureau,2020 Decennial Census PL 94-171,P4,Population 18 years and over,Place,4863560,Rowena CDP,249,48,201,191,1,1,0,0,0,8
Texas,2020,U.S. Census Bureau,2020 Decennial Census PL 94-171,P4,Population 18 years and over,Place,4863572,Rowlett city,47891,9098,38793,25050,7718,213,3919,22,168,1703
Texas,2020,U.S. Census Bureau,2020 Decennial Census PL 94-171,P4,Population 18 years and over,Place,4863584,Roxton city,413,23,390,292,65,8,0,0,1,24
Texas,2020,U.S. Census Bureau,2020 Decennial Census PL 94-171,P4,Population 18 years and over,Place,4863668,Royse City city,9358,1929,7429,6038,775,48,185,8,27,348
Texas,2020,U.S. Census Bureau,2020 Decennial Census PL 94-171,P4,Population 18 years and over,Place,4863752,Rule town,435,103,332,294,9,5,0,1,3,20
Texas,2020,U.S. Census Bureau,2020 Decennial Census PL 94-171,P4,Population 18 years and over,Place,4863782,Runaway Bay city,1254,103,1151,1085,13,10,7,0,0,36
Texas,2020,U.S. Census Bureau,2020 Decennial Census PL 94-171,P4,Population 18 years and over,Place,4863788,Runge town,625,490,135,115,8,0,0,0,0,12
Texas,2020,U.S. Census Bureau,2020 Decennial Census PL 94-171,P4,Population 18 years and over,Place,4863848,Rusk city,4298,635,3663,2388,1137,12,39,2,9,76
Texas,2020,U.S. Census Bureau,2020 Decennial Census PL 94-171,P4,Population 18 years and over,Place,4864004,Sabinal city,1039,709,330,312,3,1,0,0,0,14
Texas,2020,U.S. Census Bureau,2020 Decennial Census PL 94-171,P4,Population 18 years and over,Place,4864064,Sachse city,19704,2898,16806,10459,2077,87,3440,20,62,661
Texas,2020,U.S. Census Bureau,2020 Decennial Census PL 94-171,P4,Population 18 years and over,Place,4864088,Sadler city,264,5,259,224,2,3,0,0,0,30
Texas,2020,U.S. Census Bureau,2020 Decennial Census PL 94-171,P4,Population 18 years and over,Place,4864112,Saginaw city,17597,4711,12886,10315,1157,66,623,14,65,646
Texas,2020,U.S. Census Bureau,2020 Decennial Census PL 94-171,P4,Population 18 years and over,Place,4864268,Salado village,1925,165,1760,1647,17,7,13,0,11,65
Texas,2020,U.S. Census Bureau,2020 Decennial Census PL 94-171,P4,Population 18 years and over,Place,4864307,Salida del Sol Estates CDP,3615,3565,50,37,2,1,1,0,3,6
Texas,2020,U.S. Census Bureau,2020 Decennial Census PL 94-171,P4,Population 18 years and over,Place,4864316,Salineño CDP,108,105,3,3,0,0,0,0,0,0
Texas,2020,U.S. Census Bureau,2020 Decennial Census PL 94-171,P4,Population 18 years and over,Place,4864322,Salineño North CDP,80,80,0,0,0,0,0,0,0,0
Texas,2020,U.S. Census Bureau,2020 Decennial Census PL 94-171,P4,Population 18 years and over,Place,4864460,Sam Rayburn CDP,1110,20,1090,1041,6,5,1,2,3,32
Texas,2020,U.S. Census Bureau,2020 Decennial Census PL 94-171,P4,Population 18 years and over,Place,4864442,Sammy Martinez CDP,87,85,2,2,0,0,0,0,0,0
Texas,2020,U.S. Census Bureau,2020 Decennial Census PL 94-171,P4,Population 18 years and over,Place,4864448,Samnorwood CDP,22,3,19,18,0,0,0,0,0,1
Texas,2020,U.S. Census Bureau,2020 Decennial Census PL 94-171,P4,Population 18 years and over,Place,4864472,San Angelo city,76644,29504,47140,39890,3060,245,1337,99,225,2284
Texas,2020,U.S. Census Bureau,2020 Decennial Census PL 94-171,P4,Population 18 years and over,Place,4865000,San Antonio city,1094548,667873,426675,286784,72951,2582,36059,1239,4024,23036
Texas,2020,U.S. Census Bureau,2020 Decennial Census PL 94-171,P4,Population 18 years and over,Place,4865024,San Augustine city,1466,165,1301,555,717,0,9,0,0,20
Texas,2020,U.S. Census Bureau,2020 Decennial Census PL 94-171,P4,Population 18 years and over,Place,4865036,San Benito city,17704,15960,1744,1508,40,26,59,2,24,85
Texas,2020,U.S. Census Bureau,2020 Decennial Census PL 94-171,P4,Population 18 years and over,Place,4865048,San Carlos CDP,2116,2065,51,38,0,1,0,0,4,8
Texas,2020,U.S. Census Bureau,2020 Decennial Census PL 94-171,P4,Population 18 years and over,Place,4865049,San Carlos I CDP,128,127,1,1,0,0,0,0,0,0
Texas,2020,U.S. Census Bureau,2020 Decennial Census PL 94-171,P4,Population 18 years and over,Place,4865050,San Carlos II CDP,120,115,5,5,0,0,0,0,0,0
Texas,2020,U.S. Census Bureau,2020 Decennial Census PL 94-171,P4,Population 18 years and over,Place,4865180,San Diego city,2713,2092,621,158,10,1,11,0,3,438
Texas,2020,U.S. Census Bureau,2020 Decennial Census PL 94-171,P4,Population 18 years and over,Place,4865360,San Elizario city,7070,6910,160,105,18,7,1,0,14,15
Texas,2020,U.S. Census Bureau,2020 Decennial Census PL 94-171,P4,Population 18 years and over,Place,4865372,San Felipe town,567,77,490,320,143,1,1,0,2,23
Texas,2020,U.S. Census Bureau,2020 Decennial Census PL 94-171,P4,Population 18 years and over,Place,4865378,San Fernando CDP,37,31,6,6,0,0,0,0,0,0
Texas,2020,U.S. Census Bureau,2020 Decennial Census PL 94-171,P4,Population 18 years and over,Place,4865432,San Isidro CDP,150,143,7,6,0,0,0,0,0,1
Texas,2020,U.S. Census Bureau,2020 Decennial Census PL 94-171,P4,Population 18 years and over,Place,4865532,San Juan CDP,129,129,0,0,0,0,0,0,0,0
Texas,2020,U.S. Census Bureau,2020 Decennial Census PL 94-171,P4,Population 18 years and over,Place,4865516,San Juan city,24817,23869,948,748,32,23,56,2,38,49
Texas,2020,U.S. Census Bureau,2020 Decennial Census PL 94-171,P4,Population 18 years and over,Place,4865552,San Leanna village,453,117,336,311,9,0,2,0,4,10
Texas,2020,U.S. Census Bureau,2020 Decennial Census PL 94-171,P4,Population 18 years and over,Place,4865564,San Leon CDP,4869,1346,3523,3078,80,24,148,0,13,180
Texas,2020,U.S. Census Bureau,2020 Decennial Census PL 94-171,P4,Population 18 years and over,Place,4865600,San Marcos city,57268,21597,35671,25474,3883,138,1712,42,202,4220
Texas,2020,U.S. Census Bureau,2020 Decennial Census PL 94-171,P4,Population 18 years and over,Place,4865612,San Patricio city,299,122,177,162,0,0,1,0,2,12
Texas,2020,U.S. Census Bureau,2020 Decennial Census PL 94-171,P4,Population 18 years and over,Place,4865620,San Pedro CDP,354,342,12,11,0,0,0,0,1,0
Texas,2020,U.S. Census Bureau,2020 Decennial Census PL 94-171,P4,Population 18 years and over,Place,4865636,San Perlita city,401,382,19,16,0,0,0,0,0,3
Texas,2020,U.S. Census Bureau,2020 Decennial Census PL 94-171,P4,Population 18 years and over,Place,4865648,San Saba city,2426,984,1442,1279,98,8,15,0,0,42
Texas,2020,U.S. Census Bureau,2020 Decennial Census PL 94-171,P4,Population 18 years and over,Place,4865792,San Ygnacio CDP,371,349,22,22,0,0,0,0,0,0
Texas,2020,U.S. Census Bureau,2020 Decennial Census PL 94-171,P4,Population 18 years and over,Place,4865066,Sanctuary town,264,10,254,247,0,1,1,0,0,5
Texas,2020,U.S. Census Bureau,2020 Decennial Census PL 94-171,P4,Population 18 years and over,Place,4865240,Sand Springs CDP,658,168,490,445,0,6,4,0,5,30
Texas,2020,U.S. Census Bureau,2020 Decennial Census PL 94-171,P4,Population 18 years and over,Place,4865084,Sanderson CDP,531,276,255,233,8,0,0,0,2,12
Texas,2020,U.S. Census Bureau,2020 Decennial Census PL 94-171,P4,Population 18 years and over,Place,4865168,Sandia CDP,235,176,59,48,5,1,0,0,0,5
Texas,2020,U.S. Census Bureau,2020 Decennial Census PL 94-171,P4,Population 18 years and over,Place,4865210,Sandoval CDP,33,32,1,1,0,0,0,0,0,0
Texas,2020,U.S. Census Bureau,2020 Decennial Census PL 94-171,P4,Population 18 years and over,Place,4865342,Sandy Hollow-Escondidas CDP,267,124,143,136,3,0,0,0,0,4
Texas,2020,U.S. Census Bureau,2020 Decennial Census PL 94-171,P4,Population 18 years and over,Place,4865344,Sandy Oaks city,3506,2711,795,655,67,19,16,1,2,35
Texas,2020,U.S. Census Bureau,2020 Decennial Census PL 94-171,P4,Population 18 years and over,Place,4865345,Sandy Point city,158,27,131,83,35,0,5,0,0,8
Texas,2020,U.S. Census Bureau,2020 Decennial Census PL 94-171,P4,Population 18 years and over,Place,4865384,Sanford town,106,8,98,86,0,8,0,0,1,3
Texas,2020,U.S. Census Bureau,2020 Decennial Census PL 94-171,P4,Population 18 years and over,Place,4865408,Sanger city,6377,1155,5222,4579,223,39,60,2,51,268
Texas,2020,U.S. Census Bureau,2020 Decennial Census PL 94-171,P4,Population 18 years and over,Place,4865660,Sansom Park city,3912,2257,1655,1358,176,21,25,0,1,74
Texas,2020,U.S. Census Bureau,2020 Decennial Census PL 94-171,P4,Population 18 years and over,Place,4865678,Santa Anna CDP,9,8,1,1,0,0,0,0,0,0
Texas,2020,U.S. Census Bureau,2020 Decennial Census PL 94-171,P4,Population 18 years and over,Place,4865672,Santa Anna town,768,168,600,543,29,1,0,0,0,27
Texas,2020,U.S. Census Bureau,2020 Decennial Census PL 94-171,P4,Population 18 years and over,Place,4865690,Santa Clara city,633,140,493,456,5,1,2,0,5,24
Texas,2020,U.S. Census Bureau,2020 Decennial Census PL 94-171,P4,Population 18 years and over,Place,4865708,Santa Cruz CDP,41,36,5,5,0,0,0,0,0,0
Texas,2020,U.S. Census Bureau,2020 Decennial Census PL 94-171,P4,Population 18 years and over,Place,4865726,Santa Fe city,9863,1446,8417,7931,33,36,44,5,28,340
Texas,2020,U.S. Census Bureau,2020 Decennial Census PL 94-171,P4,Population 18 years and over,Place,4865744,Santa Maria CDP,484,468,16,8,0,0,0,0,3,5
Texas,2020,U.S. Census Bureau,2020 Decennial Census PL 94-171,P4,Population 18 years and over,Place,4865756,Santa Monica CDP,69,59,10,8,0,0,0,0,1,1
Texas,2020,U.S. Census Bureau,2020 Decennial Census PL 94-171,P4,Population 18 years and over,Place,4865762,Santa Rita Ranch CDP,2125,315,1810,1538,98,9,65,9,14,77
Texas,2020,U.S. Census Bureau,2020 Decennial Census PL 94-171,P4,Population 18 years and over,Place,4865774,Santa Rosa CDP,207,205,2,2,0,0,0,0,0,0
Texas,2020,U.S. Census Bureau,2020 Decennial Census PL 94-171,P4,Population 18 years and over,Place,4865768,Santa Rosa town,1792,1729,63,52,1,2,0,1,1,6
Texas,2020,U.S. Census Bureau,2020 Decennial Census PL 94-171,P4,Population 18 years and over,Place,4865777,Santel CDP,23,22,1,0,0,0,1,0,0,0
Texas,2020,U.S. Census Bureau,2020 Decennial Census PL 94-171,P4,Population 18 years and over,Place,4865780,Santo CDP,260,26,234,223,0,1,2,0,1,7
Texas,2020,U.S. Census Bureau,2020 Decennial Census PL 94-171,P4,Population 18 years and over,Place,4865864,Sargent CDP,1088,78,1010,952,6,10,8,0,7,27
Texas,2020,U.S. Census Bureau,2020 Decennial Census PL 94-171,P4,Population 18 years and over,Place,4865876,Sarita CDP,160,135,25,24,0,0,0,0,1,0
Texas,2020,U.S. Census Bureau,2020 Decennial Census PL 94-171,P4,Population 18 years and over,Place,4866000,Savannah CDP,4412,642,3770,2623,703,10,196,6,36,196
Texas,2020,U.S. Census Bureau,2020 Decennial Census PL 94-171,P4,Population 18 years and over,Place,4866008,Savoy city,549,21,528,487,5,8,3,0,0,25
Texas,2020,U.S. Census Bureau,2020 Decennial Census PL 94-171,P4,Population 18 years and over,Place,4866089,Scenic Oaks CDP,7525,2168,5357,4544,196,11,394,11,20,181
Texas,2020,U.S. Census Bureau,2020 Decennial Census PL 94-171,P4,Population 18 years and over,Place,4866128,Schertz city,31275,8799,22476,15999,3830,95,1016,86,138,1312
Texas,2020,U.S. Census Bureau,2020 Decennial Census PL 94-171,P4,Population 18 years and over,Place,4866188,Schulenburg city,2036,517,1519,1187,281,3,16,0,5,27
Texas,2020,U.S. Census Bureau,2020 Decennial Census PL 94-171,P4,Population 18 years and over,Place,4866248,Scissors CDP,2406,2374,32,22,0,0,4,0,6,0
Texas,2020,U.S. Census Bureau,2020 Decennial Census PL 94-171,P4,Population 18 years and over,Place,4866284,Scotland city,313,46,267,253,1,0,0,0,0,13
Texas,2020,U.S. Census Bureau,2020 Decennial Census PL 94-171,P4,Population 18 years and over,Place,4866332,Scottsville city,242,33,209,90,103,0,0,3,0,13
Texas,2020,U.S. Census Bureau,2020 Decennial Census PL 94-171,P4,Population 18 years and over,Place,4866368,Scurry town,495,38,457,407,14,4,7,0,0,25
Texas,2020,U.S. Census Bureau,2020 Decennial Census PL 94-171,P4,Population 18 years and over,Place,4866392,Seabrook city,10713,1743,8970,7462,539,45,426,6,54,438
Texas,2020,U.S. Census Bureau,2020 Decennial Census PL 94-171,P4,Population 18 years and over,Place,4866416,Seadrift city,783,193,590,501,7,7,56,0,0,19
Texas,2020,U.S. Census Bureau,2020 Decennial Census PL 94-171,P4,Population 18 years and over,Place,4866428,Seagoville city,13375,5517,7858,4912,2468,81,84,16,22,275
Texas,2020,U.S. Census Bureau,2020 Decennial Census PL 94-171,P4,Population 18 years and over,Place,4866440,Seagraves city,1552,1079,473,384,80,0,0,0,0,9
Texas,2020,U.S. Census Bureau,2020 Decennial Census PL 94-171,P4,Population 18 years and over,Place,4866464,Sealy city,5036,1867,3169,2370,560,11,74,2,20,132
Texas,2020,U.S. Census Bureau,2020 Decennial Census PL 94-171,P4,Population 18 years and over,Place,4866512,Sebastian CDP,1303,1218,85,59,1,15,0,2,2,6
Texas,2020,U.S. Census Bureau,2020 Decennial Census PL 94-171,P4,Population 18 years and over,Place,4866536,Seco Mines CDP,402,391,11,9,0,0,0,0,2,0
Texas,2020,U.S. Census Bureau,2020 Decennial Census PL 94-171,P4,Population 18 years and over,Place,4866644,Seguin city,22392,11180,11212,8983,1412,33,244,13,70,457
Texas,2020,U.S. Census Bureau,2020 Decennial Census PL 94-171,P4,Population 18 years and over,Place,4866686,Seis Lagos CDP,1060,63,997,851,26,4,55,1,3,57
Texas,2020,U.S. Census Bureau,2020 Decennial Census PL 94-171,P4,Population 18 years and over,Place,4866704,Selma city,7935,2949,4986,3374,848,27,393,22,24,298
Texas,2020,U.S. Census Bureau,2020 Decennial Census PL 94-171,P4,Population 18 years and over,Place,4866764,Seminole city,4934,2237,2697,2474,75,22,45,1,5,75
Texas,2020,U.S. Census Bureau,2020 Decennial Census PL 94-171,P4,Population 18 years and over,Place,4866806,Serenada CDP,1722,177,1545,1414,33,6,29,0,7,56
Texas,2020,U.S. Census Bureau,2020 Decennial Census PL 94-171,P4,Population 18 years and over,Place,4866848,Seth Ward CDP,1145,864,281,252,10,4,0,1,0,14
Texas,2020,U.S. Census Bureau,2020 Decennial Census PL 94-171,P4,Population 18 years and over,Place,4866884,Seven Oaks city,54,3,51,20,28,0,0,0,0,3
Texas,2020,U.S. Census Bureau,2020 Decennial Census PL 94-171,P4,Population 18 years and over,Place,4866908,Seven Points city,1092,151,941,878,9,7,1,0,2,44
Texas,2020,U.S. Census Bureau,2020 Decennial Census PL 94-171,P4,Population 18 years and over,Place,4866968,Seymour city,1958,226,1732,1603,37,11,6,0,0,75
Texas,2020,U.S. Census Bureau,2020 Decennial Census PL 94-171,P4,Population 18 years and over,Place,4867082,Shady Hollow CDP,3698,600,3098,2742,66,8,136,0,19,127
Texas,2020,U.S. Census Bureau,2020 Decennial Census PL 94-171,P4,Population 18 years and over,Place,4867100,Shady Shores town,2188,179,2009,1792,46,7,36,0,20,108
Texas,2020,U.S. Census Bureau,2020 Decennial Census PL 94-171,P4,Population 18 years and over,Place,4867010,Shadybrook CDP,1876,85,1791,1577,84,14,8,0,7,101
Texas,2020,U.S. Census Bureau,2020 Decennial Census PL 94-171,P4,Population 18 years and over,Place,4867136,Shallowater city,2013,466,1547,1468,6,19,2,0,9,43
Texas,2020,U.S. Census Bureau,2020 Decennial Census PL 94-171,P4,Population 18 years and over,Place,4867160,Shamrock city,1310,219,1091,958,43,16,23,2,1,48
Texas,2020,U.S. Census Bureau,2020 Decennial Census PL 94-171,P4,Population 18 years and over,Place,4867268,Shavano Park city,2867,701,2166,1929,28,2,140,1,13,53
Texas,2020,U.S. Census Bureau,2020 Decennial Census PL 94-171,P4,Population 18 years and over,Place,4867340,Sheffield CDP,141,45,96,78,12,0,0,0,0,6
Texas,2020,U.S. Census Bureau,2020 Decennial Census PL 94-171,P4,Population 18 years and over,Place,4867364,Shelbyville CDP,70,4,66,58,4,0,1,0,0,3
Texas,2020,U.S. Census Bureau,2020 Decennial Census PL 94-171,P4,Population 18 years and over,Place,4867376,Sheldon CDP,1628,1106,522,311,160,2,17,0,1,31
Texas,2020,U.S. Census Bureau,2020 Decennial Census PL 94-171,P4,Population 18 years and over,Place,4867400,Shenandoah city,2887,387,2500,2047,91,6,211,2,18,125
Texas,2020,U.S. Census Bureau,2020 Decennial Census PL 94-171,P4,Population 18 years and over,Place,4867424,Shepherd city,1526,244,1282,1028,195,2,6,0,0,51
Texas,2020,U.S. Census Bureau,2020 Decennial Census PL 94-171,P4,Population 18 years and over,Place,4867472,Sheridan CDP,398,76,322,297,3,1,3,0,1,17
Texas,2020,U.S. Census Bureau,2020 Decennial Census PL 94-171,P4,Population 18 years and over,Place,4867496,Sherman city,33113,6686,26427,20009,3424,384,1036,21,98,1455
Texas,2020,U.S. Census Bureau,2020 Decennial Census PL 94-171,P4,Population 18 years and over,Place,4867554,Sherwood Shores CDP,1011,39,972,915,3,23,1,0,0,30
Texas,2020,U.S. Census Bureau,2020 Decennial Census PL 94-171,P4,Population 18 years and over,Place,4867640,Shiner city,1614,162,1452,1284,119,7,5,0,3,34
Texas,2020,U.S. Census Bureau,2020 Decennial Census PL 94-171,P4,Population 18 years and over,Place,4867664,Shiro CDP,153,26,127,107,18,0,0,0,0,2
Texas,2020,U.S. Census Bureau,2020 Decennial Census PL 94-171,P4,Population 18 years and over,Place,4867688,Shoreacres city,1261,235,1026,940,20,11,14,0,8,33
Texas,2020,U.S. Census Bureau,2020 Decennial Census PL 94-171,P4,Population 18 years and over,Place,4867763,Sienna CDP,13537,1871,11666,6493,2700,33,1907,3,73,457
Texas,2020,U.S. Census Bureau,2020 Decennial Census PL 94-171,P4,Population 18 years and over,Place,4867772,Sierra Blanca CDP,239,147,92,80,0,1,7,0,0,4
Texas,2020,U.S. Census Bureau,2020 Decennial Census PL 94-171,P4,Population 18 years and over,Place,4867775,Siesta Acres CDP,1383,1345,38,29,1,1,2,0,0,5
Texas,2020,U.S. Census Bureau,2020 Decennial Census PL 94-171,P4,Population 18 years and over,Place,4867778,Siesta Shores CDP,957,899,58,50,0,3,3,0,0,2
Texas,2020,U.S. Census Bureau,2020 Decennial Census PL 94-171,P4,Population 18 years and over,Place,4867832,Silsbee city,5268,240,5028,3504,1338,6,43,0,6,131
Texas,2020,U.S. Census Bureau,2020 Decennial Census PL 94-171,P4,Population 18 years and over,Place,4867904,Silverton city,495,157,338,315,6,3,0,0,0,14
Texas,2020,U.S. Census Bureau,2020 Decennial Census PL 94-171,P4,Population 18 years and over,Place,4867964,Simonton city,500,97,403,336,23,0,8,0,12,24
Texas,2020,U.S. Census Bureau,2020 Decennial Census PL 94-171,P4,Population 18 years and over,Place,4868036,Sinton city,4114,3038,1076,925,82,2,23,2,10,32
Texas,2020,U.S. Census Bureau,2020 Decennial Census PL 94-171,P4,Population 18 years and over,Place,4868120,Skellytown town,309,13,296,280,1,4,0,0,0,11
Texas,2020,U.S. Census Bureau,2020 Decennial Census PL 94-171,P4,Population 18 years and over,Place,4868132,Skidmore CDP,652,390,262,233,3,9,1,0,0,16
Texas,2020,U.S. Census Bureau,2020 Decennial Census PL 94-171,P4,Population 18 years and over,Place,4868180,Slaton city,4291,2159,2132,1772,250,4,0,4,10,92
Texas,2020,U.S. Census Bureau,2020 Decennial Census PL 94-171,P4,Population 18 years and over,Place,4868300,Smiley city,350,235,115,106,3,1,0,2,0,3
Texas,2020,U.S. Census Bureau,2020 Decennial Census PL 94-171,P4,Population 18 years and over,Place,4868456,Smithville city,2997,536,2461,2026,321,7,22,0,10,75
Texas,2020,U.S. Census Bureau,2020 Decennial Census PL 94-171,P4,Population 18 years and over,Place,4868504,Smyer town,325,120,205,183,9,4,0,0,0,9
Texas,2020,U.S. Census Bureau,2020 Decennial Census PL 94-171,P4,Population 18 years and over,Place,4868576,Snook city,401,73,328,248,68,0,0,0,4,8
Texas,2020,U.S. Census Bureau,2020 Decennial Census PL 94-171,P4,Population 18 years and over,Place,4868624,Snyder city,8212,3600,4612,4034,307,33,52,1,15,170
Texas,2020,U.S. Census Bureau,2020 Decennial Census PL 94-171,P4,Population 18 years and over,Place,4868636,Socorro city,24995,24124,871,553,54,144,31,5,28,56
Texas,2020,U.S. Census Bureau,2020 Decennial Census PL 94-171,P4,Population 18 years and over,Place,4868678,Solis CDP,470,422,48,39,0,1,3,0,0,5
Texas,2020,U.S. Census Bureau,2020 Decennial Census PL 94-171,P4,Population 18 years and over,Place,4868708,Somerset city,1296,1007,289,273,0,0,3,0,4,9
Texas,2020,U.S. Census Bureau,2020 Decennial Census PL 94-171,P4,Population 18 years and over,Place,4868720,Somerville city,983,302,681,408,211,3,3,0,11,45
Texas,2020,U.S. Census Bureau,2020 Decennial Census PL 94-171,P4,Population 18 years and over,Place,4868756,Sonora city,1834,1162,672,644,4,2,4,0,2,16
Texas,2020,U.S. Census Bureau,2020 Decennial Census PL 94-171,P4,Population 18 years and over,Place,4868762,Sonterra CDP,5260,1837,3423,2642,440,19,100,11,25,186
Texas,2020,U.S. Census Bureau,2020 Decennial Census PL 94-171,P4,Population 18 years and over,Place,4868828,Sour Lake city,1359,74,1285,1152,34,6,22,4,4,63
Texas,2020,U.S. Census Bureau,2020 Decennial Census PL 94-171,P4,Population 18 years and over,Place,4868846,South Alamo CDP,2293,2245,48,21,3,0,8,1,4,11
Texas,2020,U.S. Census Bureau,2020 Decennial Census PL 94-171,P4,Population 18 years and over,Place,4868966,South Fork Estates CDP,93,85,8,6,0,0,2,0,0,0
Texas,2020,U.S. Census Bureau,2020 Decennial Census PL 94-171,P4,Population 18 years and over,Place,4868978,South Frydek city,167,19,148,141,2,0,2,0,0,3
Texas,2020,U.S. Census Bureau,2020 Decennial Census PL 94-171,P4,Population 18 years and over,Place,4869020,South Houston city,11463,10085,1378,989,215,9,80,1,21,63
Texas,2020,U.S. Census Bureau,2020 Decennial Census PL 94-171,P4,Population 18 years and over,Place,4869072,South La Paloma CDP,247,142,105,93,0,4,0,0,3,5
Texas,2020,U.S. Census Bureau,2020 Decennial Census PL 94-171,P4,Population 18 years and over,Place,4869120,South Mountain town,338,54,284,273,0,0,2,0,0,9
Texas,2020,U.S. Census Bureau,2020 Decennial Census PL 94-171,P4,Population 18 years and over,Place,4869140,South Padre Island town,1887,508,1379,1261,11,7,62,0,4,34
Texas,2020,U.S. Census Bureau,2020 Decennial Census PL 94-171,P4,Population 18 years and over,Place,4869194,South Point CDP,739,706,33,26,3,0,0,0,3,1
Texas,2020,U.S. Census Bureau,2020 Decennial Census PL 94-171,P4,Population 18 years and over,Place,4869326,South Toledo Bend CDP,409,11,398,381,6,0,4,0,0,7
Texas,2020,U.S. Census Bureau,2020 Decennial Census PL 94-171,P4,Population 18 years and over,Place,4869032,Southlake city,22275,1490,20785,16124,557,46,3164,10,92,792
Texas,2020,U.S. Census Bureau,2020 Decennial Census PL 94-171,P4,Population 18 years and over,Place,4869104,Southmayd city,735,111,624,570,8,14,8,0,2,22
Texas,2020,U.S. Census Bureau,2020 Decennial Census PL 94-171,P4,Population 18 years and over,Place,4869272,Southside Place city,1411,150,1261,948,60,0,192,0,3,58
Texas,2020,U.S. Census Bureau,2020 Decennial Census PL 94-171,P4,Population 18 years and over,Place,4869353,Southwest Sandhill CDP,1224,575,649,594,14,3,2,0,0,36
Texas,2020,U.S. Census Bureau,2020 Decennial Census PL 94-171,P4,Population 18 years and over,Place,4869380,Spade CDP,52,20,32,30,0,0,0,0,0,2
Texas,2020,U.S. Census Bureau,2020 Decennial Census PL 94-171,P4,Population 18 years and over,Place,4869432,Sparks CDP,3309,3248,61,34,9,5,7,0,0,6
Texas,2020,U.S. Census Bureau,2020 Decennial Census PL 94-171,P4,Population 18 years and over,Place,4869476,Spearman city,2234,1108,1126,1066,10,11,6,2,7,24
Texas,2020,U.S. Census Bureau,2020 Decennial Census PL 94-171,P4,Population 18 years and over,Place,4869548,Splendora city,1208,230,978,899,11,7,11,0,4,46
Texas,2020,U.S. Census Bureau,2020 Decennial Census PL 94-171,P4,Population 18 years and over,Place,4869560,Spofford city,34,22,12,9,0,0,0,0,0,3
Texas,2020,U.S. Census Bureau,2020 Decennial Census PL 94-171,P4,Population 18 years and over,Place,4869608,Spring Branch city,156,27,129,106,1,0,6,0,6,10
Texas,2020,U.S. Census Bureau,2020 Decennial Census PL 94-171,P4,Population 18 years and over,Place,4869596,Spring CDP,45764,15986,29778,15485,10710,113,1590,142,254,1484
Texas,2020,U.S. Census Bureau,2020 Decennial Census PL 94-171,P4,Population 18 years and over,Place,4869708,Spring Gardens CDP,352,333,19,16,0,1,0,0,1,1
Texas,2020,U.S. Census Bureau,2020 Decennial Census PL 94-171,P4,Population 18 years and over,Place,4869830,Spring Valley Village city,3027,271,2756,2352,18,8,280,0,22,76
Texas,2020,U.S. Census Bureau,2020 Decennial Census PL 94-171,P4,Population 18 years and over,Place,4869764,Springlake town,96,35,61,57,1,0,0,0,0,3
Texas,2020,U.S. Census Bureau,2020 Decennial Census PL 94-171,P4,Population 18 years and over,Place,4869800,Springtown city,2210,226,1984,1831,16,25,8,0,2,102
Texas,2020,U.S. Census Bureau,2020 Decennial Census PL 94-171,P4,Population 18 years and over,Place,4869848,Spur city,660,228,432,392,15,0,1,0,1,23
Texas,2020,U.S. Census Bureau,2020 Decennial Census PL 94-171,P4,Population 18 years and over,Place,4864172,St. Hedwig town,1807,382,1425,1317,33,2,8,1,0,64
Texas,2020,U.S. Census Bureau,2020 Decennial Census PL 94-171,P4,Population 18 years and over,Place,4864184,St. Jo city,640,60,580,538,3,3,0,0,1,35
Texas,2020,U.S. Census Bureau,2020 Decennial Census PL 94-171,P4,Population 18 years and over,Place,4864244,St. Paul CDP,468,312,156,141,1,6,2,0,1,5
Texas,2020,U.S. Census Bureau,2020 Decennial Census PL 94-171,P4,Population 18 years and over,Place,4864220,St. Paul town,738,92,646,577,8,3,17,0,4,37
Texas,2020,U.S. Census Bureau,2020 Decennial Census PL 94-171,P4,Population 18 years and over,Place,4869908,Stafford city,13709,3660,10049,2447,3953,16,3222,17,83,311
Texas,2020,U.S. Census Bureau,2020 Decennial Census PL 94-171,P4,Population 18 years and over,Place,4869932,Stagecoach town,443,39,404,384,2,1,0,2,2,13
Texas,2020,U.S. Census Bureau,2020 Decennial Census PL 94-171,P4,Population 18 years and over,Place,4869980,Stamford city,2175,698,1477,1230,181,9,4,1,5,47
Texas,2020,U.S. Census Bureau,2020 Decennial Census PL 94-171,P4,Population 18 years and over,Place,4870040,Stanton city,1881,969,912,833,46,8,5,0,5,15
Texas,2020,U.S. Census Bureau,2020 Decennial Census PL 94-171,P4,Population 18 years and over,Place,4870052,Staples city,164,68,96,89,0,0,5,0,0,2
Texas,2020,U.S. Census Bureau,2020 Decennial Census PL 94-171,P4,Population 18 years and over,Place,4870076,Star Harbor city,424,12,412,395,0,0,4,0,0,13
Texas,2020,U.S. Census Bureau,2020 Decennial Census PL 94-171,P4,Population 18 years and over,Place,4870154,Steiner Ranch CDP,11345,1296,10049,7701,274,34,1526,1,66,447
Texas,2020,U.S. Census Bureau,2020 Decennial Census PL 94-171,P4,Population 18 years and over,Place,4870208,Stephenville city,17225,3177,14048,12093,1039,81,210,6,26,593
Texas,2020,U.S. Census Bureau,2020 Decennial Census PL 94-171,P4,Population 18 years and over,Place,4870232,Sterling City city,816,293,523,496,3,2,1,2,1,18
Texas,2020,U.S. Census Bureau,2020 Decennial Census PL 94-171,P4,Population 18 years and over,Place,4870340,Stinnett city,1219,148,1071,977,3,19,3,0,2,67
Texas,2020,U.S. Census Bureau,2020 Decennial Census PL 94-171,P4,Population 18 years and over,Place,4870376,Stockdale city,1014,505,509,464,13,2,5,0,3,22
Texas,2020,U.S. Census Bureau,2020 Decennial Census PL 94-171,P4,Population 18 years and over,Place,4870406,Stockton Bend city,341,21,320,307,0,2,4,0,0,7
Texas,2020,U.S. Census Bureau,2020 Decennial Census PL 94-171,P4,Population 18 years and over,Place,4870460,Stonewall CDP,383,111,272,261,4,2,1,0,2,2
Texas,2020,U.S. Census Bureau,2020 Decennial Census PL 94-171,P4,Population 18 years and over,Place,4870520,Stowell CDP,1232,336,896,614,236,1,1,0,10,34
Texas,2020,U.S. Census Bureau,2020 Decennial Census PL 94-171,P4,Population 18 years and over,Place,4870544,Stratford city,1341,656,685,636,5,4,1,0,2,37
Texas,2020,U.S. Census Bureau,2020 Decennial Census PL 94-171,P4,Population 18 years and over,Place,4870580,Strawn city,437,137,300,286,2,1,0,0,1,10
Texas,2020,U.S. Census Bureau,2020 Decennial Census PL 94-171,P4,Population 18 years and over,Place,4870604,Streetman town,186,9,177,148,15,1,0,0,1,12
Texas,2020,U.S. Census Bureau,2020 Decennial Census PL 94-171,P4,Population 18 years and over,Place,4870688,Study Butte CDP,157,68,89,81,0,0,0,0,0,8
Texas,2020,U.S. Census Bureau,2020 Decennial Census PL 94-171,P4,Population 18 years and over,Place,4870772,Sudan city,666,278,388,359,15,1,0,0,3,10
Texas,2020,U.S. Census Bureau,2020 Decennial Census PL 94-171,P4,Population 18 years and over,Place,4870808,Sugar Land city,85471,9547,75924,34360,5993,107,32876,23,392,2173
Texas,2020,U.S. Census Bureau,2020 Decennial Census PL 94-171,P4,Population 18 years and over,Place,4870868,Sullivan City city,2731,2689,42,26,2,10,0,0,4,0
Texas,2020,U.S. Census Bureau,2020 Decennial Census PL 94-171,P4,Population 18 years and over,Place,4870904,Sulphur Springs city,12051,1969,10082,8003,1464,68,113,4,28,402
Texas,2020,U.S. Census Bureau,2020 Decennial Census PL 94-171,P4,Population 18 years and over,Place,4870940,Summerfield CDP,28,7,21,16,1,1,0,0,0,3
Texas,2020,U.S. Census Bureau,2020 Decennial Census PL 94-171,P4,Population 18 years and over,Place,4871356,Sun Valley city,52,12,40,36,0,0,0,0,0,4
Texas,2020,U.S. Census Bureau,2020 Decennial Census PL 94-171,P4,Population 18 years and over,Place,4871060,Sundown city,894,413,481,454,10,3,0,0,4,10
Texas,2020,U.S. Census Bureau,2020 Decennial Census PL 94-171,P4,Population 18 years and over,Place,4871156,Sunnyvale town,5745,596,5149,2927,563,19,1478,9,27,126
Texas,2020,U.S. Census Bureau,2020 Decennial Census PL 94-171,P4,Population 18 years and over,Place,4871180,Sunray city,1200,522,678,635,5,9,3,0,0,26
Texas,2020,U.S. Census Bureau,2020 Decennial Census PL 94-171,P4,Population 18 years and over,Place,4871228,Sunrise Beach Village city,696,25,671,624,3,3,1,0,5,35
Texas,2020,U.S. Census Bureau,2020 Decennial Census PL 94-171,P4,Population 18 years and over,Place,4871236,Sunrise Shores CDP,494,22,472,429,4,1,4,0,0,34
Texas,2020,U.S. Census Bureau,2020 Decennial Census PL 94-171,P4,Population 18 years and over,Place,4871289,Sunset Acres CDP,3,3,0,0,0,0,0,0,0,0
Texas,2020,U.S. Census Bureau,2020 Decennial Census PL 94-171,P4,Population 18 years and over,Place,4871264,Sunset CDP (Montague County),445,34,411,391,3,4,0,0,0,13
Texas,2020,U.S. Census Bureau,2020 Decennial Census PL 94-171,P4,Population 18 years and over,Place,4871274,Sunset CDP (Starr County),24,23,1,1,0,0,0,0,0,0
Texas,2020,U.S. Census Bureau,2020 Decennial Census PL 94-171,P4,Population 18 years and over,Place,4871324,Sunset Valley city,527,97,430,351,7,0,46,0,5,21
Texas,2020,U.S. Census Bureau,2020 Decennial Census PL 94-171,P4,Population 18 years and over,Place,4871384,Surfside Beach city,581,47,534,479,8,3,9,0,7,28
Texas,2020,U.S. Census Bureau,2020 Decennial Census PL 94-171,P4,Population 18 years and over,Place,4871492,Sweeny city,2658,462,2196,1658,426,9,18,0,6,79
Texas,2020,U.S. Census Bureau,2020 Decennial Census PL 94-171,P4,Population 18 years and over,Place,4871540,Sweetwater city,7847,2952,4895,4157,420,16,70,2,17,213
Texas,2020,U.S. Census Bureau,2020 Decennial Census PL 94-171,P4,Population 18 years and over,Place,4871636,Sylvester CDP,42,7,35,35,0,0,0,0,0,0
Texas,2020,U.S. Census Bureau,2020 Decennial Census PL 94-171,P4,Population 18 years and over,Place,4871696,Taft Southwest CDP,989,932,57,45,6,0,0,0,4,2
Texas,2020,U.S. Census Bureau,2020 Decennial Census PL 94-171,P4,Population 18 years and over,Place,4871684,Taft city,2085,1569,516,451,33,2,1,0,4,25
Texas,2020,U.S. Census Bureau,2020 Decennial Census PL 94-171,P4,Population 18 years and over,Place,4871708,Tahoka city,1699,773,926,801,69,12,8,2,6,28
Texas,2020,U.S. Census Bureau,2020 Decennial Census PL 94-171,P4,Population 18 years and over,Place,4871732,Talco city,353,90,263,177,63,3,0,0,0,20
Texas,2020,U.S. Census Bureau,2020 Decennial Census PL 94-171,P4,Population 18 years and over,Place,4871756,Talty town,1813,316,1497,1207,208,10,11,0,4,57
Texas,2020,U.S. Census Bureau,2020 Decennial Census PL 94-171,P4,Population 18 years and over,Place,4871820,Tanquecitos South Acres CDP,157,152,5,4,0,0,0,0,0,1
Texas,2020,U.S. Census Bureau,2020 Decennial Census PL 94-171,P4,Population 18 years and over,Place,4871824,Tanquecitos South Acres II CDP,46,45,1,1,0,0,0,0,0,0
Texas,2020,U.S. Census Bureau,2020 Decennial Census PL 94-171,P4,Population 18 years and over,Place,4871924,Tatum city,919,199,720,533,138,2,4,0,0,43
Texas,2020,U.S. Census Bureau,2020 Decennial Census PL 94-171,P4,Population 18 years and over,Place,4871960,Taylor Lake Village city,2928,267,2661,2384,75,7,97,1,4,93
Texas,2020,U.S. Census Bureau,2020 Decennial Census PL 94-171,P4,Population 18 years and over,Place,4871966,Taylor Landing city,217,20,197,169,11,0,4,0,0,13
Texas,2020,U.S. Census Bureau,2020 Decennial Census PL 94-171,P4,Population 18 years and over,Place,4871948,Taylor city,12356,4733,7623,5975,1145,35,95,0,33,340
Texas,2020,U.S. Census Bureau,2020 Decennial Census PL 94-171,P4,Population 18 years and over,Place,4872020,Teague city,2494,494,2000,1493,440,4,1,5,2,55
Texas,2020,U.S. Census Bureau,2020 Decennial Census PL 94-171,P4,Population 18 years and over,Place,4872080,Tehuacana town,186,13,173,165,8,0,0,0,0,0
Texas,2020,U.S. Census Bureau,2020 Decennial Census PL 94-171,P4,Population 18 years and over,Place,4872176,Temple city,61612,14038,47574,34166,9004,214,1637,111,231,2211
Texas,2020,U.S. Census Bureau,2020 Decennial Census PL 94-171,P4,Population 18 years and over,Place,4872188,Tenaha town,676,195,481,217,245,0,0,0,1,18
Texas,2020,U.S. Census Bureau,2020 Decennial Census PL 94-171,P4,Population 18 years and over,Place,4872248,Terlingua CDP,71,9,62,59,0,0,0,0,0,3
Texas,2020,U.S. Census Bureau,2020 Decennial Census PL 94-171,P4,Population 18 years and over,Place,4872296,Terrell Hills city,3733,578,3155,2949,30,6,70,1,15,84
Texas,2020,U.S. Census Bureau,2020 Decennial Census PL 94-171,P4,Population 18 years and over,Place,4872284,Terrell city,12842,3371,9471,5533,3392,53,112,3,30,348
Texas,2020,U.S. Census Bureau,2020 Decennial Census PL 94-171,P4,Population 18 years and over,Place,4872368,Texarkana city,27198,2015,25183,13857,9584,139,573,20,96,914
Texas,2020,U.S. Census Bureau,2020 Decennial Census PL 94-171,P4,Population 18 years and over,Place,4872392,Texas City city,39058,10966,28092,15610,10551,133,553,32,155,1058
Texas,2020,U.S. Census Bureau,2020 Decennial Census PL 94-171,P4,Population 18 years and over,Place,4872464,Texhoma city,192,57,135,130,0,0,0,0,0,5
Texas,2020,U.S. Census Bureau,2020 Decennial Census PL 94-171,P4,Population 18 years and over,Place,4872476,Texline town,321,140,181,175,0,0,0,0,0,6
Texas,2020,U.S. Census Bureau,2020 Decennial Census PL 94-171,P4,Population 18 years and over,Place,4872530,The Colony city,35263,7217,28046,19869,3260,140,3173,25,144,1435
Texas,2020,U.S. Census Bureau,2020 Decennial Census PL 94-171,P4,Population 18 years and over,Place,4872578,The Hills village,2082,129,1953,1758,31,8,62,0,7,87
Texas,2020,U.S. Census Bureau,2020 Decennial Census PL 94-171,P4,Population 18 years and over,Place,4872581,The Homesteads CDP,2809,1713,1096,973,16,15,11,0,13,68
Texas,2020,U.S. Census Bureau,2020 Decennial Census PL 94-171,P4,Population 18 years and over,Place,4872656,The Woodlands CDP,84570,13973,70597,57759,2764,165,6573,54,405,2877
Texas,2020,U.S. Census Bureau,2020 Decennial Census PL 94-171,P4,Population 18 years and over,Place,4872740,Thompsons town,125,16,109,48,52,0,6,0,0,3
Texas,2020,U.S. Census Bureau,2020 Decennial Census PL 94-171,P4,Population 18 years and over,Place,4872758,Thompsonville CDP,24,17,7,6,0,1,0,0,0,0
Texas,2020,U.S. Census Bureau,2020 Decennial Census PL 94-171,P4,Population 18 years and over,Place,4872776,Thorndale city,972,198,774,677,55,5,6,0,3,28
Texas,2020,U.S. Census Bureau,2020 Decennial Census PL 94-171,P4,Population 18 years and over,Place,4872788,Thornton town,310,28,282,255,13,2,3,0,0,9
Texas,2020,U.S. Census Bureau,2020 Decennial Census PL 94-171,P4,Population 18 years and over,Place,4872800,Thorntonville town,414,197,217,205,4,2,0,0,0,6
Texas,2020,U.S. Census Bureau,2020 Decennial Census PL 94-171,P4,Population 18 years and over,Place,4872824,Thrall city,596,166,430,371,45,1,1,0,3,9
Texas,2020,U.S. Census Bureau,2020 Decennial Census PL 94-171,P4,Population 18 years and over,Place,4872872,Three Rivers city,1125,626,499,454,3,6,2,0,11,23
Texas,2020,U.S. Census Bureau,2020 Decennial Census PL 94-171,P4,Population 18 years and over,Place,4872896,Throckmorton town,573,56,517,498,0,1,1,0,0,17
Texas,2020,U.S. Census Bureau,2020 Decennial Census PL 94-171,P4,Population 18 years and over,Place,4872902,Thunderbird Bay CDP,658,33,625,590,2,3,1,0,3,26
Texas,2020,U.S. Census Bureau,2020 Decennial Census PL 94-171,P4,Population 18 years and over,Place,4872948,Tierra Bonita CDP,124,120,4,3,0,0,0,0,0,1
Texas,2020,U.S. Census Bureau,2020 Decennial Census PL 94-171,P4,Population 18 years and over,Place,4872950,Tierra Dorada CDP,22,21,1,0,0,0,0,0,0,1
Texas,2020,U.S. Census Bureau,2020 Decennial Census PL 94-171,P4,Population 18 years and over,Place,4872952,Tierra Grande CDP,223,182,41,40,0,0,0,0,0,1
Texas,2020,U.S. Census Bureau,2020 Decennial Census PL 94-171,P4,Population 18 years and over,Place,4872954,Tierra Verde CDP,218,206,12,10,0,1,0,0,1,0
Texas,2020,U.S. Census Bureau,2020 Decennial Census PL 94-171,P4,Population 18 years and over,Place,4872989,Tiki Island village,1038,68,970,906,4,6,27,0,1,26
Texas,2020,U.S. Census Bureau,2020 Decennial Census PL 94-171,P4,Population 18 years and over,Place,4872992,Tilden CDP,157,91,66,58,0,1,1,0,0,6
Texas,2020,U.S. Census Bureau,2020 Decennial Census PL 94-171,P4,Population 18 years and over,Place,4873030,Timbercreek Canyon village,368,27,341,319,5,1,2,0,0,14
Texas,2020,U.S. Census Bureau,2020 Decennial Census PL 94-171,P4,Population 18 years and over,Place,4873057,Timberwood Park CDP,25349,8224,17125,13367,1232,81,1429,33,111,872
Texas,2020,U.S. Census Bureau,2020 Decennial Census PL 94-171,P4,Population 18 years and over,Place,4873076,Timpson city,719,76,643,373,230,3,5,0,3,29
Texas,2020,U.S. Census Bureau,2020 Decennial Census PL 94-171,P4,Population 18 years and over,Place,4873112,Tioga town,838,116,722,649,10,10,1,0,0,52
Texas,2020,U.S. Census Bureau,2020 Decennial Census PL 94-171,P4,Population 18 years and over,Place,4873124,Tira town,248,12,236,220,5,2,0,0,0,9
Texas,2020,U.S. Census Bureau,2020 Decennial Census PL 94-171,P4,Population 18 years and over,Place,4873148,Tivoli CDP,317,225,92,82,7,0,1,0,0,2
Texas,2020,U.S. Census Bureau,2020 Decennial Census PL 94-171,P4,Population 18 years and over,Place,4873196,Toco city,68,6,62,11,46,0,0,0,0,5
Texas,2020,U.S. Census Bureau,2020 Decennial Census PL 94-171,P4,Population 18 years and over,Place,4873224,Todd Mission city,94,22,72,70,0,0,0,0,0,2
Texas,2020,U.S. Census Bureau,2020 Decennial Census PL 94-171,P4,Population 18 years and over,Place,4873268,Tolar city,645,40,605,567,5,5,4,0,2,22
Texas,2020,U.S. Census Bureau,2020 Decennial Census PL 94-171,P4,Population 18 years and over,Place,4873328,Tom Bean city,680,39,641,585,11,12,5,0,0,28
Texas,2020,U.S. Census Bureau,2020 Decennial Census PL 94-171,P4,Population 18 years and over,Place,4873316,Tomball city,9668,1742,7926,6825,603,26,139,11,40,282
Texas,2020,U.S. Census Bureau,2020 Decennial Census PL 94-171,P4,Population 18 years and over,Place,4873352,Tool city,1834,111,1723,1587,12,13,22,4,1,84
Texas,2020,U.S. Census Bureau,2020 Decennial Census PL 94-171,P4,Population 18 years and over,Place,4873376,Tornillo CDP,1053,1028,25,22,0,0,0,0,0,3
Texas,2020,U.S. Census Bureau,2020 Decennial Census PL 94-171,P4,Population 18 years and over,Place,4873424,Tow CDP,203,6,197,189,0,0,0,0,1,7
Texas,2020,U.S. Census Bureau,2020 Decennial Census PL 94-171,P4,Population 18 years and over,Place,4873496,Toyah town,50,27,23,23,0,0,0,0,0,0
Texas,2020,U.S. Census Bureau,2020 Decennial Census PL 94-171,P4,Population 18 years and over,Place,4873526,Tradewinds CDP,129,99,30,29,0,0,0,0,0,1
Texas,2020,U.S. Census Bureau,2020 Decennial Census PL 94-171,P4,Population 18 years and over,Place,4873562,Travis Ranch CDP,4691,939,3752,2089,1183,20,262,12,11,175
Texas,2020,U.S. Census Bureau,2020 Decennial Census PL 94-171,P4,Population 18 years and over,Place,4873580,Trent town,228,19,209,192,2,2,0,0,3,10
Texas,2020,U.S. Census Bureau,2020 Decennial Census PL 94-171,P4,Population 18 years and over,Place,4873592,Trenton city,552,84,468,426,15,3,0,0,1,23
Texas,2020,U.S. Census Bureau,2020 Decennial Census PL 94-171,P4,Population 18 years and over,Place,4873652,Trinidad city,660,61,599,473,87,4,4,1,0,30
Texas,2020,U.S. Census Bureau,2020 Decennial Census PL 94-171,P4,Population 18 years and over,Place,4873664,Trinity city,1736,307,1429,910,466,3,8,0,4,38
Texas,2020,U.S. Census Bureau,2020 Decennial Census PL 94-171,P4,Population 18 years and over,Place,4873710,Trophy Club town,9842,754,9088,7873,254,49,565,5,21,321
Texas,2020,U.S. Census Bureau,2020 Decennial Census PL 94-171,P4,Population 18 years and over,Place,4873724,Troup city,1443,175,1268,961,257,2,9,0,1,38
Texas,2020,U.S. Census Bureau,2020 Decennial Census PL 94-171,P4,Population 18 years and over,Place,4873748,Troy city,1612,311,1301,1159,48,7,6,0,4,77
Texas,2020,U.S. Census Bureau,2020 Decennial Census PL 94-171,P4,Population 18 years and over,Place,4873856,Tuleta CDP,177,67,110,102,0,0,0,0,0,8
Texas,2020,U.S. Census Bureau,2020 Decennial Census PL 94-171,P4,Population 18 years and over,Place,4873868,Tulia city,3383,1629,1754,1358,301,10,5,0,8,72
Texas,2020,U.S. Census Bureau,2020 Decennial Census PL 94-171,P4,Population 18 years and over,Place,4873904,Tulsita CDP,25,2,23,22,0,0,0,0,0,1
Texas,2020,U.S. Census Bureau,2020 Decennial Census PL 94-171,P4,Population 18 years and over,Place,4873928,Tunis CDP,71,6,65,5,58,0,0,0,0,2
Texas,2020,U.S. Census Bureau,2020 Decennial Census PL 94-171,P4,Population 18 years and over,Place,4873964,Turkey city,256,68,188,177,2,0,0,0,1,8
Texas,2020,U.S. Census Bureau,2020 Decennial Census PL 94-171,P4,Population 18 years and over,Place,4874048,Tuscola city,599,59,540,513,1,5,1,0,2,18
Texas,2020,U.S. Census Bureau,2020 Decennial Census PL 94-171,P4,Population 18 years and over,Place,4874132,Tye city,900,178,722,650,21,3,6,0,3,39
Texas,2020,U.S. Census Bureau,2020 Decennial Census PL 94-171,P4,Population 18 years and over,Place,4874144,Tyler city,82341,15908,66433,43048,18292,203,2289,27,245,2329
Texas,2020,U.S. Census Bureau,2020 Decennial Census PL 94-171,P4,Population 18 years and over,Place,4874168,Tynan CDP,185,150,35,34,0,0,0,0,0,1
Texas,2020,U.S. Census Bureau,2020 Decennial Census PL 94-171,P4,Population 18 years and over,Place,4874216,Uhland city,1082,783,299,245,17,6,4,0,0,27
Texas,2020,U.S. Census Bureau,2020 Decennial Census PL 94-171,P4,Population 18 years and over,Place,4874228,Umbarger CDP,89,11,78,70,0,1,0,0,0,7
Texas,2020,U.S. Census Bureau,2020 Decennial Census PL 94-171,P4,Population 18 years and over,Place,4874240,Uncertain city,83,2,81,66,14,0,0,0,0,1
Texas,2020,U.S. Census Bureau,2020 Decennial Census PL 94-171,P4,Population 18 years and over,Place,4874312,Union Grove city,304,7,297,278,5,3,1,0,0,10
Texas,2020,U.S. Census Bureau,2020 Decennial Census PL 94-171,P4,Population 18 years and over,Place,4874372,Union Valley city,295,33,262,249,3,0,0,1,1,8
Texas,2020,U.S. Census Bureau,2020 Decennial Census PL 94-171,P4,Population 18 years and over,Place,4874408,Universal City city,15254,5445,9809,6928,1439,56,590,80,86,630
Texas,2020,U.S. Census Bureau,2020 Decennial Census PL 94-171,P4,Population 18 years and over,Place,4874492,University Park city,18387,1002,17385,14851,321,53,1480,3,89,588
Texas,2020,U.S. Census Bureau,2020 Decennial Census PL 94-171,P4,Population 18 years and over,Place,4874576,Utopia CDP,185,18,167,157,0,0,0,0,0,10
Texas,2020,U.S. Census Bureau,2020 Decennial Census PL 94-171,P4,Population 18 years and over,Place,4874594,Uvalde Estates CDP,1328,1168,160,137,2,1,4,0,12,4
Texas,2020,U.S. Census Bureau,2020 Decennial Census PL 94-171,P4,Population 18 years and over,Place,4874588,Uvalde city,11269,8534,2735,2458,43,16,104,3,29,82
Texas,2020,U.S. Census Bureau,2020 Decennial Census PL 94-171,P4,Population 18 years and over,Place,4874895,Val Verde Park CDP,1658,1524,134,119,5,0,3,0,5,2
Texas,2020,U.S. Census Bureau,2020 Decennial Census PL 94-171,P4,Population 18 years and over,Place,4874648,Valentine town,65,42,23,16,0,0,1,0,0,6
Texas,2020,U.S. Census Bureau,2020 Decennial Census PL 94-171,P4,Population 18 years and over,Place,4874660,Valera CDP,72,20,52,49,0,2,0,0,0,1
Texas,2020,U.S. Census Bureau,2020 Decennial Census PL 94-171,P4,Population 18 years and over,Place,4874667,Valle Hermoso CDP,55,55,0,0,0,0,0,0,0,0
Texas,2020,U.S. Census Bureau,2020 Decennial Census PL 94-171,P4,Population 18 years and over,Place,4874668,Valle Verde CDP,0,0,0,0,0,0,0,0,0,0
Texas,2020,U.S. Census Bureau,2020 Decennial Census PL 94-171,P4,Population 18 years and over,Place,4874670,Valle Vista CDP,383,382,1,0,0,0,0,0,0,1
Texas,2020,U.S. Census Bureau,2020 Decennial Census PL 94-171,P4,Population 18 years and over,Place,4874732,Valley Mills city,872,143,729,644,28,1,2,0,1,53
Texas,2020,U.S. Census Bureau,2020 Decennial Census PL 94-171,P4,Population 18 years and over,Place,4874756,Valley View city,511,46,465,425,4,0,1,0,1,34
Texas,2020,U.S. Census Bureau,2020 Decennial Census PL 94-171,P4,Population 18 years and over,Place,4874924,Van Alstyne city,3100,418,2682,2378,122,28,26,0,1,127
Texas,2020,U.S. Census Bureau,2020 Decennial Census PL 94-171,P4,Population 18 years and over,Place,4875032,Van Horn town,1512,1141,371,305,14,9,18,0,2,23
Texas,2020,U.S. Census Bureau,2020 Decennial Census PL 94-171,P4,Population 18 years and over,Place,4875068,Van Vleck CDP,1434,457,977,766,161,3,0,0,3,44
Texas,2020,U.S. Census Bureau,2020 Decennial Census PL 94-171,P4,Population 18 years and over,Place,4874912,Van city,1944,216,1728,1596,37,2,17,0,9,67
Texas,2020,U.S. Census Bureau,2020 Decennial Census PL 94-171,P4,Population 18 years and over,Place,4874984,Vanderbilt CDP,291,128,163,136,11,1,2,0,1,12
Texas,2020,U.S. Census Bureau,2020 Decennial Census PL 94-171,P4,Population 18 years and over,Place,4875188,Vega city,679,134,545,518,0,2,7,0,0,18
Texas,2020,U.S. Census Bureau,2020 Decennial Census PL 94-171,P4,Population 18 years and over,Place,4875236,Venus town,3308,998,2310,1503,654,5,53,0,16,79
Texas,2020,U.S. Census Bureau,2020 Decennial Census PL 94-171,P4,Population 18 years and over,Place,4875308,Vernon city,7654,2135,5519,4236,649,70,359,0,11,194
Texas,2020,U.S. Census Bureau,2020 Decennial Census PL 94-171,P4,Population 18 years and over,Place,4875432,Victoria Vera CDP,67,66,1,1,0,0,0,0,0,0
Texas,2020,U.S. Census Bureau,2020 Decennial Census PL 94-171,P4,Population 18 years and over,Place,4875428,Victoria city,49119,23477,25642,19944,3575,120,1063,20,100,820
Texas,2020,U.S. Census Bureau,2020 Decennial Census PL 94-171,P4,Population 18 years and over,Place,4875476,Vidor city,7442,412,7030,6702,31,41,41,0,7,208
Texas,2020,U.S. Census Bureau,2020 Decennial Census PL 94-171,P4,Population 18 years and over,Place,4875614,Villa Pancho CDP,352,344,8,5,0,1,0,0,0,2
Texas,2020,U.S. Census Bureau,2020 Decennial Census PL 94-171,P4,Population 18 years and over,Place,4875626,Villa Verde CDP,535,517,18,15,0,0,0,0,3,0
Texas,2020,U.S. Census Bureau,2020 Decennial Census PL 94-171,P4,Population 18 years and over,Place,4875554,Villa del Sol CDP,107,105,2,0,0,0,1,0,1,0
Texas,2020,U.S. Census Bureau,2020 Decennial Census PL 94-171,P4,Population 18 years and over,Place,4875617,Villarreal CDP,94,94,0,0,0,0,0,0,0,0
Texas,2020,U.S. Census Bureau,2020 Decennial Census PL 94-171,P4,Population 18 years and over,Place,4875668,Vinton village,2232,1725,507,346,69,63,16,2,5,6
Texas,2020,U.S. Census Bureau,2020 Decennial Census PL 94-171,P4,Population 18 years and over,Place,4875752,Volente village,475,57,418,384,0,0,19,0,0,15
Texas,2020,U.S. Census Bureau,2020 Decennial Census PL 94-171,P4,Population 18 years and over,Place,4875764,Von Ormy city,861,746,115,102,4,0,3,0,2,4
Texas,2020,U.S. Census Bureau,2020 Decennial Census PL 94-171,P4,Population 18 years and over,Place,4876000,Waco city,105609,29454,76155,49609,19543,364,3017,68,535,3019
Texas,2020,U.S. Census Bureau,2020 Decennial Census PL 94-171,P4,Population 18 years and over,Place,4876012,Wadsworth CDP,240,38,202,193,3,0,3,0,0,3
Texas,2020,U.S. Census Bureau,2020 Decennial Census PL 94-171,P4,Population 18 years and over,Place,4876024,Waelder city,679,484,195,84,97,0,0,0,6,8
Texas,2020,U.S. Census Bureau,2020 Decennial Census PL 94-171,P4,Population 18 years and over,Place,4876048,Waka CDP,32,5,27,25,0,0,0,0,0,2
Texas,2020,U.S. Census Bureau,2020 Decennial Census PL 94-171,P4,Population 18 years and over,Place,4876096,Wake Village city,4451,246,4205,2797,1142,25,43,0,6,192
Texas,2020,U.S. Census Bureau,2020 Decennial Census PL 94-171,P4,Population 18 years and over,Place,4876228,Waller city,1959,607,1352,918,337,5,18,0,19,55
Texas,2020,U.S. Census Bureau,2020 Decennial Census PL 94-171,P4,Population 18 years and over,Place,4876240,Wallis city,985,299,686,539,109,3,7,0,5,23
Texas,2020,U.S. Census Bureau,2020 Decennial Census PL 94-171,P4,Population 18 years and over,Place,4876348,Walnut Springs city,565,202,363,337,2,2,0,0,2,20
Texas,2020,U.S. Census Bureau,2020 Decennial Census PL 94-171,P4,Population 18 years and over,Place,4876564,Warren CDP,538,5,533,498,2,5,0,0,4,24
Texas,2020,U.S. Census Bureau,2020 Decennial Census PL 94-171,P4,Population 18 years and over,Place,4876576,Warren City city,226,18,208,182,24,0,0,0,0,2
Texas,2020,U.S. Census Bureau,2020 Decennial Census PL 94-171,P4,Population 18 years and over,Place,4876612,Washburn CDP,91,4,87,81,0,0,0,0,0,6
Texas,2020,U.S. Census Bureau,2020 Decennial Census PL 94-171,P4,Population 18 years and over,Place,4876636,Waskom city,1443,293,1150,883,189,9,1,0,2,66
Texas,2020,U.S. Census Bureau,2020 Decennial Census PL 94-171,P4,Population 18 years and over,Place,4876672,Watauga city,17632,3964,13668,10627,946,85,1187,58,84,681
Texas,2020,U.S. Census Bureau,2020 Decennial Census PL 94-171,P4,Population 18 years and over,Place,4876816,Waxahachie city,30085,6867,23218,17418,4184,119,284,45,229,939
Texas,2020,U.S. Census Bureau,2020 Decennial Census PL 94-171,P4,Population 18 years and over,Place,4876864,Weatherford city,23687,2888,20799,18937,447,150,258,16,62,929
Texas,2020,U.S. Census Bureau,2020 Decennial Census PL 94-171,P4,Population 18 years and over,Place,4876924,Webberville village,303,144,159,129,16,3,1,0,0,10
Texas,2020,U.S. Census Bureau,2020 Decennial Census PL 94-171,P4,Population 18 years and over,Place,4876948,Webster city,9833,2945,6888,4351,1396,23,742,4,58,314
Texas,2020,U.S. Census Bureau,2020 Decennial Census PL 94-171,P4,Population 18 years and over,Place,4877020,Weimar city,1581,369,1212,894,273,1,7,0,3,34
Texas,2020,U.S. Census Bureau,2020 Decennial Census PL 94-171,P4,Population 18 years and over,Place,4877044,Weinert city,138,28,110,108,0,1,0,0,0,1
Texas,2020,U.S. Census Bureau,2020 Decennial Census PL 94-171,P4,Population 18 years and over,Place,4877056,Weir city,486,216,270,239,6,1,3,0,2,19
Texas,2020,U.S. Census Bureau,2020 Decennial Census PL 94-171,P4,Population 18 years and over,Place,4877080,Welch CDP,139,69,70,65,0,0,0,0,0,5
Texas,2020,U.S. Census Bureau,2020 Decennial Census PL 94-171,P4,Population 18 years and over,Place,4877152,Wellington city,1389,436,953,821,84,12,6,0,0,30
Texas,2020,U.S. Census Bureau,2020 Decennial Census PL 94-171,P4,Population 18 years and over,Place,4877164,Wellman city,147,48,99,97,0,1,0,0,0,1
Texas,2020,U.S. Census Bureau,2020 Decennial Census PL 94-171,P4,Population 18 years and over,Place,4877196,Wells Branch CDP,11210,3229,7981,4775,1865,28,859,12,57,385
Texas,2020,U.S. Census Bureau,2020 Decennial Census PL 94-171,P4,Population 18 years and over,Place,4877176,Wells town,586,41,545,420,94,0,3,1,0,27
Texas,2020,U.S. Census Bureau,2020 Decennial Census PL 94-171,P4,Population 18 years and over,Place,4877272,Weslaco city,28726,24800,3926,3332,107,31,303,5,36,112
Texas,2020,U.S. Census Bureau,2020 Decennial Census PL 94-171,P4,Population 18 years and over,Place,4877336,West Alto Bonito CDP,415,408,7,7,0,0,0,0,0,0
Texas,2020,U.S. Census Bureau,2020 Decennial Census PL 94-171,P4,Population 18 years and over,Place,4877416,West Columbia city,2784,627,2157,1630,424,12,13,0,10,68
Texas,2020,U.S. Census Bureau,2020 Decennial Census PL 94-171,P4,Population 18 years and over,Place,4877632,West Lake Hills city,2630,200,2430,2200,9,0,137,0,15,69
Texas,2020,U.S. Census Bureau,2020 Decennial Census PL 94-171,P4,Population 18 years and over,Place,4877662,West Livingston CDP,7091,1782,5309,3395,1682,18,75,0,19,120
Texas,2020,U.S. Census Bureau,2020 Decennial Census PL 94-171,P4,Population 18 years and over,Place,4877728,West Odessa CDP,23165,16287,6878,6194,213,69,31,17,59,295
Texas,2020,U.S. Census Bureau,2020 Decennial Census PL 94-171,P4,Population 18 years and over,Place,4877752,West Orange city,2635,368,2267,1906,254,9,28,0,5,65
Texas,2020,U.S. Census Bureau,2020 Decennial Census PL 94-171,P4,Population 18 years and over,Place,4877866,West Sharyland CDP,1428,1390,38,31,1,0,1,0,0,5
Texas,2020,U.S. Census Bureau,2020 Decennial Census PL 94-171,P4,Population 18 years and over,Place,4877896,West Tawakoni city,1481,102,1379,1267,9,19,17,0,1,66
Texas,2020,U.S. Census Bureau,2020 Decennial Census PL 94-171,P4,Population 18 years and over,Place,4877956,West University Place city,10557,893,9664,7909,75,19,1337,3,24,297
Texas,2020,U.S. Census Bureau,2020 Decennial Census PL 94-171,P4,Population 18 years and over,Place,4877332,West city,1962,225,1737,1601,59,7,2,1,5,62
Texas,2020,U.S. Census Bureau,2020 Decennial Census PL 94-171,P4,Population 18 years and over,Place,4877380,Westbrook city,142,36,106,101,0,0,0,0,0,5
Texas,2020,U.S. Census Bureau,2020 Decennial Census PL 94-171,P4,Population 18 years and over,Place,4877422,Westdale CDP,233,114,119,114,0,3,0,0,0,2
Texas,2020,U.S. Census Bureau,2020 Decennial Census PL 94-171,P4,Population 18 years and over,Place,4877490,Western Lake CDP,1275,516,759,693,3,6,6,1,3,47
Texas,2020,U.S. Census Bureau,2020 Decennial Census PL 94-171,P4,Population 18 years and over,Place,4877620,Westlake town,1126,48,1078,846,25,3,145,0,7,52
Texas,2020,U.S. Census Bureau,2020 Decennial Census PL 94-171,P4,Population 18 years and over,Place,4877680,Westminster CDP,785,187,598,533,8,1,7,0,1,48
Texas,2020,U.S. Census Bureau,2020 Decennial Census PL 94-171,P4,Population 18 years and over,Place,4877746,Weston Lakes city,3031,258,2773,2457,112,8,81,0,10,105
Texas,2020,U.S. Census Bureau,2020 Decennial Census PL 94-171,P4,Population 18 years and over,Place,4877740,Weston city,224,25,199,184,8,0,0,0,0,7
Texas,2020,U.S. Census Bureau,2020 Decennial Census PL 94-171,P4,Population 18 years and over,Place,4877788,Westover Hills town,532,8,524,506,0,0,9,0,4,5
Texas,2020,U.S. Census Bureau,2020 Decennial Census PL 94-171,P4,Population 18 years and over,Place,4878016,Westway CDP,2812,2700,112,85,7,11,3,0,3,3
Texas,2020,U.S. Census Bureau,2020 Decennial Census PL 94-171,P4,Population 18 years and over,Place,4878040,Westwood Shores CDP,1082,55,1027,990,8,0,6,0,3,20
Texas,2020,U.S. Census Bureau,2020 Decennial Census PL 94-171,P4,Population 18 years and over,Place,4878076,Westworth Village city,2056,494,1562,1306,99,25,44,7,9,72
Texas,2020,U.S. Census Bureau,2020 Decennial Census PL 94-171,P4,Population 18 years and over,Place,4878136,Wharton city,6626,2512,4114,2170,1772,5,31,0,17,119
Texas,2020,U.S. Census Bureau,2020 Decennial Census PL 94-171,P4,Population 18 years and over,Place,4878208,Wheeler city,1094,399,695,676,3,4,1,0,0,11
Texas,2020,U.S. Census Bureau,2020 Decennial Census PL 94-171,P4,Population 18 years and over,Place,4878316,White Deer town,701,63,638,589,1,1,2,0,0,45
Texas,2020,U.S. Census Bureau,2020 Decennial Census PL 94-171,P4,Population 18 years and over,Place,4878436,White Oak city,4489,332,4157,3751,135,31,20,4,9,207
Texas,2020,U.S. Census Bureau,2020 Decennial Census PL 94-171,P4,Population 18 years and over,Place,4878544,White Settlement city,13793,3913,9880,7869,910,81,339,44,48,589
Texas,2020,U.S. Census Bureau,2020 Decennial Census PL 94-171,P4,Population 18 years and over,Place,4878328,Whiteface town,256,120,136,126,4,2,0,0,0,4
Texas,2020,U.S. Census Bureau,2020 Decennial Census PL 94-171,P4,Population 18 years and over,Place,4878388,Whitehouse city,5759,424,5335,4599,397,19,120,2,13,185
Texas,2020,U.S. Census Bureau,2020 Decennial Census PL 94-171,P4,Population 18 years and over,Place,4878532,Whitesboro city,2996,254,2742,2489,25,21,27,0,4,176
Texas,2020,U.S. Census Bureau,2020 Decennial Census PL 94-171,P4,Population 18 years and over,Place,4878628,Whitewright town,1283,102,1181,1022,99,5,5,0,0,50
Texas,2020,U.S. Census Bureau,2020 Decennial Census PL 94-171,P4,Population 18 years and over,Place,4878640,Whitharral CDP,92,40,52,47,0,0,0,0,1,4
Texas,2020,U.S. Census Bureau,2020 Decennial Census PL 94-171,P4,Population 18 years and over,Place,4878664,Whitney town,1493,191,1302,1132,98,3,10,1,5,53
Texas,2020,U.S. Census Bureau,2020 Decennial Census PL 94-171,P4,Population 18 years and over,Place,4879000,Wichita Falls city,80164,15886,64278,48172,9961,576,2007,96,306,3160
Texas,2020,U.S. Census Bureau,2020 Decennial Census PL 94-171,P4,Population 18 years and over,Place,4879036,Wickett town,300,106,194,175,2,3,1,0,1,12
Texas,2020,U.S. Census Bureau,2020 Decennial Census PL 94-171,P4,Population 18 years and over,Place,4879192,Wild Peach Village CDP,1826,283,1543,1317,126,15,13,0,11,61
Texas,2020,U.S. Census Bureau,2020 Decennial Census PL 94-171,P4,Population 18 years and over,Place,4879180,Wildorado CDP,149,18,131,116,1,0,1,0,0,13
Texas,2020,U.S. Census Bureau,2020 Decennial Census PL 94-171,P4,Population 18 years and over,Place,4879204,Wildwood CDP,940,33,907,879,2,1,1,1,2,21
Texas,2020,U.S. Census Bureau,2020 Decennial Census PL 94-171,P4,Population 18 years and over,Place,4879408,Willis city,4483,1631,2852,1913,759,13,20,2,26,119
Texas,2020,U.S. Census Bureau,2020 Decennial Census PL 94-171,P4,Population 18 years and over,Place,4879456,Willow Grove CDP,1624,243,1381,1268,30,9,8,2,2,62
Texas,2020,U.S. Census Bureau,2020 Decennial Census PL 94-171,P4,Population 18 years and over,Place,4879492,Willow Park city,3689,272,3417,3198,34,32,33,1,12,107
Texas,2020,U.S. Census Bureau,2020 Decennial Census PL 94-171,P4,Population 18 years and over,Place,4879564,Wills Point city,2722,337,2385,1960,317,12,7,3,3,83
Texas,2020,U.S. Census Bureau,2020 Decennial Census PL 94-171,P4,Population 18 years and over,Place,4879576,Wilmer city,3492,1687,1805,669,1029,15,9,5,5,73
Texas,2020,U.S. Census Bureau,2020 Decennial Census PL 94-171,P4,Population 18 years and over,Place,4879612,Wilson city,323,187,136,121,3,1,1,0,2,8
Texas,2020,U.S. Census Bureau,2020 Decennial Census PL 94-171,P4,Population 18 years and over,Place,4879624,Wimberley city,2364,251,2113,2008,7,7,7,1,14,69
Texas,2020,U.S. Census Bureau,2020 Decennial Census PL 94-171,P4,Population 18 years and over,Place,4879672,Windcrest city,4934,1522,3412,2454,560,16,210,8,20,144
Texas,2020,U.S. Census Bureau,2020 Decennial Census PL 94-171,P4,Population 18 years and over,Place,4879684,Windom town,143,2,141,124,5,3,0,0,0,9
Texas,2020,U.S. Census Bureau,2020 Decennial Census PL 94-171,P4,Population 18 years and over,Place,4879696,Windthorst town,259,81,178,172,0,0,0,0,0,6
Texas,2020,U.S. Census Bureau,2020 Decennial Census PL 94-171,P4,Population 18 years and over,Place,4879720,Winfield city,292,178,114,106,2,1,1,0,0,4
Texas,2020,U.S. Census Bureau,2020 Decennial Census PL 94-171,P4,Population 18 years and over,Place,4879756,Wingate CDP,65,14,51,46,0,0,1,0,0,4
Texas,2020,U.S. Census Bureau,2020 Decennial Census PL 94-171,P4,Population 18 years and over,Place,4879768,Wink city,647,216,431,410,7,2,0,0,1,11
Texas,2020,U.S. Census Bureau,2020 Decennial Census PL 94-171,P4,Population 18 years and over,Place,4879792,Winnie CDP,2336,612,1724,1543,77,5,11,0,10,78
Texas,2020,U.S. Census Bureau,2020 Decennial Census PL 94-171,P4,Population 18 years and over,Place,4879816,Winnsboro city,2642,301,2341,2091,92,14,24,0,13,107
Texas,2020,U.S. Census Bureau,2020 Decennial Census PL 94-171,P4,Population 18 years and over,Place,4879828,Winona town,476,53,423,354,46,1,2,0,0,20
Texas,2020,U.S. Census Bureau,2020 Decennial Census PL 94-171,P4,Population 18 years and over,Place,4879876,Winters city,1765,728,1037,941,39,4,2,1,2,48
Texas,2020,U.S. Census Bureau,2020 Decennial Census PL 94-171,P4,Population 18 years and over,Place,4879919,Wixon Valley city,168,10,158,132,18,1,0,0,0,7
Texas,2020,U.S. Census Bureau,2020 Decennial Census PL 94-171,P4,Population 18 years and over,Place,4879948,Wolfe City city,995,110,885,726,111,6,5,0,3,34
Texas,2020,U.S. Census Bureau,2020 Decennial Census PL 94-171,P4,Population 18 years and over,Place,4879972,Wolfforth city,3901,982,2919,2627,75,23,45,1,12,136
Texas,2020,U.S. Census Bureau,2020 Decennial Census PL 94-171,P4,Population 18 years and over,Place,4880044,Woodbranch city,1037,174,863,792,13,10,10,0,1,37
Texas,2020,U.S. Census Bureau,2020 Decennial Census PL 94-171,P4,Population 18 years and over,Place,4880058,Woodcreek city,1468,110,1358,1309,0,6,3,0,0,40
Texas,2020,U.S. Census Bureau,2020 Decennial Census PL 94-171,P4,Population 18 years and over,Place,4880144,Woodloch town,126,30,96,79,13,0,1,0,0,3
Texas,2020,U.S. Census Bureau,2020 Decennial Census PL 94-171,P4,Population 18 years and over,Place,4880176,Woodsboro town,1038,533,505,435,47,1,10,0,1,11
Texas,2020,U.S. Census Bureau,2020 Decennial Census PL 94-171,P4,Population 18 years and over,Place,4880188,Woodson town,153,8,145,143,0,1,0,0,0,1
Texas,2020,U.S. Census Bureau,2020 Decennial Census PL 94-171,P4,Population 18 years and over,Place,4880212,Woodville town,1825,91,1734,1185,454,13,34,2,3,43
Texas,2020,U.S. Census Bureau,2020 Decennial Census PL 94-171,P4,Population 18 years and over,Place,4880224,Woodway city,7090,615,6475,5767,266,24,183,2,6,227
Texas,2020,U.S. Census Bureau,2020 Decennial Census PL 94-171,P4,Population 18 years and over,Place,4880296,Wortham town,744,79,665,513,119,5,0,1,0,27
Texas,2020,U.S. Census Bureau,2020 Decennial Census PL 94-171,P4,Population 18 years and over,Place,4880350,Wyldwood CDP,2823,998,1825,1545,137,21,34,0,4,84
Texas,2020,U.S. Census Bureau,2020 Decennial Census PL 94-171,P4,Population 18 years and over,Place,4880356,Wylie city,39901,7001,32900,21718,5214,201,4154,32,158,1423
Texas,2020,U.S. Census Bureau,2020 Decennial Census PL 94-171,P4,Population 18 years and over,Place,4880428,Yancey CDP,241,163,78,71,0,0,0,0,2,5
Texas,2020,U.S. Census Bureau,2020 Decennial Census PL 94-171,P4,Population 18 years and over,Place,4880440,Yantis town,322,32,290,275,1,0,0,0,0,14
Texas,2020,U.S. Census Bureau,2020 Decennial Census PL 94-171,P4,Population 18 years and over,Place,4880560,Yoakum city,4286,1971,2315,1780,382,7,37,1,11,97
Texas,2020,U.S. Census Bureau,2020 Decennial Census PL 94-171,P4,Population 18 years and over,Place,4880584,Yorktown city,1380,620,760,700,39,4,2,0,1,14
Texas,2020,U.S. Census Bureau,2020 Decennial Census PL 94-171,P4,Population 18 years and over,Place,4880686,Yznaga CDP,82,74,8,8,0,0,0,0,0,0
Texas,2020,U.S. Census Bureau,2020 Decennial Census PL 94-171,P4,Population 18 years and over,Place,4880716,Zapata CDP,3830,3564,266,234,4,1,3,0,11,13
Texas,2020,U.S. Census Bureau,2020 Decennial Census PL 94-171,P4,Population 18 years and over,Place,4880722,Zapata Ranch CDP,71,61,10,8,0,2,0,0,0,0
Texas,2020,U.S. Census Bureau,2020 Decennial Census PL 94-171,P4,Population 18 years and over,Place,4880724,Zarate CDP,50,49,1,1,0,0,0,0,0,0
Texas,2020,U.S. Census Bureau,2020 Decennial Census PL 94-171,P4,Population 18 years and over,Place,4880728,Zavalla city,444,8,436,396,1,9,0,0,0,30
Texas,2020,U.S. Census Bureau,2020 Decennial Census PL 94-171,P4,Population 18 years and over,Place,4880740,Zephyr CDP,139,9,130,127,0,1,0,0,0,2
Texas,2020,U.S. Census Bureau,2020 Decennial Census PL 94-171,P4,Population 18 years and over,Place,4880836,Zuehl CDP,303,44,259,245,1,1,5,0,0,7
